anime_id,numberofviews,popularity
11013,6268,231
2104,5620,366
5262,2211,1173
721,2089,916
12365,4726,426
6586,1037,1630
178,823,2490
2787,7754,332
4477,3929,988
853,14436,69
4814,3782,799
7054,11877,71
1557,1226,1793
11123,2747,945
14227,11019,88
269,9085,18
59,10477,188
6045,9989,111
1735,4312,20
8632,27,7721
210,3065,623
4224,19859,13
10030,5640,374
74,2132,1291
4722,5196,488
14397,3194,757
34083,2,13287
10800,4446,348
3731,5287,473
9513,4937,208
5835,957,1654
9863,2248,646
7817,7528,285
120,8705,222
957,1628,1313
1974,448,2523
857,6969,297
1914,865,2233
249,7382,141
6645,1500,1858
5690,3220,995
1571,4311,527
11759,8401,103
10250,3,11377
7674,7806,172
1698,5431,381
14713,5285,259
232,6711,292
233,466,3045
15771,1281,1690
9656,7024,322
9926,3508,701
2564,558,3214
3092,4702,568
1579,2684,1138
32370,1805,795
34152,729,2044
153,1912,1016
27417,582,2721
1051,1338,1950
12447,221,3977
1381,133,6165
8022,160,4119
32666,2,12944
33775,251,2963
812,757,2600
12695,1033,2312
14353,4587,637
5235,11,9003
26443,1540,1025
16251,5,9879
36847,234,2533
32561,995,2146
24275,6,8668
1811,89,6716
9721,251,4398
8986,459,2509
7791,8510,183
747,1098,2808
11009,210,4395
8726,1169,1826
15813,352,3511
33462,414,3130
1586,172,6326
11769,791,2624
3675,31,8226
20057,3028,468
30347,1610,1245
18893,2398,821
35334,74,5092
36755,33,7015
2199,192,4822
34561,2396,347
238,1555,1730
27989,3805,367
36838,710,1724
1200,38,4956
24031,1984,1035
3975,4,10281
10935,212,4512
22273,2375,856
32063,85,5473
33337,1346,1064
34350,1116,1135
36982,73,5286
534,3170,949
32032,1044,1133
30694,1840,278
14355,1201,1842
5821,5,11023
11827,403,3031
35240,1358,922
10197,1150,2572
15279,90,7323
1587,325,3394
10588,3969,479
6922,5141,609
6702,9103,19
34975,3,7208
19841,916,2514
24641,381,3193
24021,89,5915
5199,210,4616
22225,449,2460
33274,141,4141
146,2125,1601
32805,100,5036
21267,520,3880
221,948,2820
1483,227,3338
32518,73,5651
1640,997,2980
35314,260,2973
7082,1264,1561
35952,4,9179
10521,5117,516
36766,5,13880
3335,33,6820
594,4145,1360
2520,945,2783
4130,793,2833
27727,1101,1415
2617,209,5184
33094,1789,1020
1220,530,3895
209,1947,1471
33358,1,11339
30721,647,2200
28369,6,9968
9509,30,8760
3844,4,9958
31699,3,10937
7593,8196,224
7411,814,2596
30450,9,9732
35139,3,11317
1388,151,5705
22,2469,806
1016,1267,2150
2051,60,7736
7155,9,9795
34943,12,9408
34430,208,3781
31972,13,11021
10244,1,12763
26349,4909,440
2762,189,4412
32792,293,3012
15809,12700,51
3627,1023,2470
33126,3,10247
2205,662,3333
15819,27,8196
17535,1636,1572
1151,416,3722
2025,12262,61
15125,1301,1715
7193,2632,724
13585,1811,1518
25441,18,7663
1969,300,4302
3813,9,9736
8518,114,6529
808,239,5181
6890,111,6992
35507,3506,354
4250,42,8951
9074,3536,855
1379,1521,1922
2476,11345,145
19871,14,7352
18,2028,1261
5060,4291,464
5322,58,8342
546,372,3890
33915,1,12048
34644,109,4813
6653,59,7490
2618,201,3959
35982,133,5187
1921,297,4080
9754,502,3504
29830,121,5058
459,3161,1392
790,6674,161
31486,61,6499
4918,2284,1592
33095,1211,1107
1149,329,4384
3747,201,5194
10218,3571,796
19383,1412,1547
14837,3555,903
5041,821,2055
6707,7194,213
236,481,3310
34438,118,2181
1488,262,3812
34818,48,5846
33985,802,1321
9515,7193,454
24873,1707,972
5984,804,2199
7435,19,8170
12191,263,3113
33018,647,1130
64,5419,554
11061,7913,35
23623,2112,921
4537,36,8527
32983,1619,1038
32122,569,3165
33028,2111,703
5682,4306,373
382,1365,2440
13373,296,5950
821,767,2806
7176,136,6254
1726,6731,371
8277,3802,712
3429,353,4633
21681,1559,1150
28211,658,1850
254,524,3729
8062,231,5042
37104,12,7324
865,39,6266
19363,3099,967
799,126,5159
560,436,3556
30952,175,4136
1124,333,4498
2171,1005,2404
6337,126,5346
34498,369,1633
1837,146,5291
8769,12152,110
4124,131,6043
1562,4096,813
880,2251,1565
35889,850,1189
1469,1234,2235
2155,470,3058
22831,149,4372
19391,983,2003
4554,10,9228
31747,14,10266
5162,2407,1513
3737,342,4793
2281,380,4404
19255,240,3986
36520,52,8257
2264,117,6618
8241,831,2256
1925,125,5686
10384,170,4295
14995,121,5415
5163,1222,2274
23837,100,7155
32380,3314,711
9806,14,7262
2145,187,5475
1744,327,3546
33051,1013,1438
835,243,4369
831,575,2914
1609,939,2993
1910,140,5127
6172,749,2888
11569,50,7621
20125,2,12084
2463,6,9100
1450,138,4116
13807,2796,1077
9999,1346,2132
34037,1,13898
30010,20,8730
1122,2911,1399
2224,86,6247
26023,813,2100
3464,1306,2085
8132,47,7546
33183,39,7635
4050,46,7340
798,245,3886
11793,297,4425
16035,2854,617
26085,846,2322
37115,1,13590
15611,238,3427
780,1532,1970
25567,531,2865
399,123,6393
12445,5773,317
35473,36,7254
35370,265,4236
28913,16,9044
242,1166,2282
1454,889,1681
10905,120,5968
23831,293,3792
1686,9159,455
1774,104,7003
33743,1962,610
9834,2335,1250
33769,90,5190
34323,4,9557
36519,10,8844
3016,604,2924
6336,1005,1481
11465,91,6194
33820,116,5165
8628,78,8684
139,2812,1145
16009,3540,529
12471,1597,1219
3448,155,4835
956,19,7850
1366,1207,2192
4536,6,9548
3889,223,5238
34595,4,13793
7655,1236,1985
877,5905,262
32083,1093,1177
370,324,4179
1429,157,5727
32625,77,4624
8855,18,8779
1161,118,5169
10923,304,4681
28237,8,10961
2559,399,2528
2722,100,5734
33255,1943,580
21395,39,7814
1644,58,7820
28927,5523,200
17249,112,4356
6954,2320,1372
5909,4382,632
1565,1976,1259
8407,5448,408
36825,27,7950
2164,1863,902
646,123,6015
1216,468,4244
3091,3506,944
31397,106,4941
1846,211,4239
11763,732,2013
1026,123,6139
801,3916,545
6112,814,2429
33286,753,1155
7266,176,5091
29829,125,4951
25963,6,11512
2985,1487,1538
5678,2803,814
4061,65,7473
34392,832,1712
17211,1,10007
13261,355,2709
34008,22,4703
25265,26,9159
6582,167,4699
510,123,5301
16894,7064,153
709,413,2999
2488,381,3481
219,597,3525
16890,1617,1113
193,2929,1154
34939,90,5747
2004,172,4009
33687,36,7183
4879,855,1705
13937,96,5871
35417,50,5085
1085,428,3809
35330,1281,883
10278,2226,850
37031,98,4343
282,252,3477
3738,286,5446
19569,117,5704
12059,322,3709
31617,17,5666
2616,233,6406
31797,169,3407
34799,30,6797
7782,704,3470
8917,1312,1421
1622,431,4464
35002,3,12658
32189,2327,584
33086,2,12355
28669,136,4163
166,2982,973
35118,115,4539
20031,4831,336
295,199,4739
2146,91,7634
2334,39,8538
24793,10,10429
23725,402,3063
12879,811,2947
16201,2240,766
28891,5757,171
28247,6,9852
35677,6,3214
10302,337,4150
836,601,2898
3457,11530,154
10532,571,3562
9857,18,9515
12979,669,1767
50,4111,769
18677,3564,495
34785,3,13787
5233,949,2452
1769,145,5707
24921,374,2738
1012,74,7908
5023,10,8407
3251,2,10640
1370,395,4761
17,666,2967
22417,18,10644
32557,5,12105
35078,501,1831
1416,253,4647
9981,1682,1061
1691,6927,254
523,11664,118
4150,73,7855
30851,7,10268
6641,174,6590
1942,201,4648
125,1220,2250
31426,54,7732
4196,1776,1678
9810,9,10609
34198,2,11201
18743,4,11272
1913,990,2332
1142,3134,1148
16738,133,6363
8799,2,11219
1884,85,7062
31338,2295,514
23985,162,4853
8302,1171,2512
23755,9213,52
24,6893,347
813,13366,70
3031,692,3183
6802,2604,810
3906,58,6754
36636,4,12593
24833,7619,59
10719,10851,101
11795,68,8809
7265,126,5406
33566,74,5836
5153,33,7248
33164,260,3327
21437,1607,1433
30191,838,1940
1028,256,4079
14817,246,3758
9260,3077,392
7152,61,4994
770,2530,1529
1222,4234,528
8934,2260,1052
14989,31,5467
19961,5,10787
27525,1583,1208
2075,2,9642
6312,86,7019
21473,1134,1746
1088,1497,1367
90,3520,845
9014,1059,2223
20555,1099,1412
25687,2112,1085
1404,80,7539
998,612,2790
27821,5425,526
7062,722,2777
33378,6,4590
2245,95,5988
6392,1101,3209
36542,32,7036
14289,7256,192
936,6281,714
32281,11161,33
3044,260,4213
30921,16,7758
32568,1,9991
30355,921,2177
20423,1034,2522
602,42,7399
1364,1353,1991
539,1420,2062
18295,2238,1200
10838,424,3793
2038,71,6556
15649,422,3569
31,5004,699
7551,7,10410
2704,59,6197
2928,787,2878
2253,173,3997
6795,501,3357
2037,115,5041
21195,291,3146
5918,133,6213
2129,5279,586
5643,112,6012
32982,72,6630
15411,581,3020
5941,1732,1167
6418,197,4971
3059,95,6344
12067,457,3465
8664,16,9038
293,657,3218
9493,401,3318
757,203,5240
7311,9088,181
1731,1828,1753
1333,29,9276
1681,1201,2116
20969,50,6704
144,1686,1594
23987,372,3144
10491,1981,1431
576,1210,2296
6758,953,1684
4437,5745,667
512,7664,340
8958,14,10896
130,732,2507
1462,1554,1519
12231,1542,1680
2595,1229,2191
21899,399,2773
12875,358,3098
32665,3,10367
28735,2075,590
16,4128,500
302,515,2531
23835,78,7895
689,346,4989
28833,704,1387
5002,9,9330
333,73,6317
241,3614,871
21639,238,2231
574,82,6332
33170,103,6398
33487,4684,220
15961,5,10151
14653,1297,1860
1669,1871,1906
1650,268,3096
13267,491,2890
509,1461,2183
15583,8539,104
751,40,6413
1883,67,7574
1033,2618,1041
4535,2175,1511
1371,113,4791
33454,7,9807
527,9001,214
18465,1319,1915
2249,169,5708
6347,10110,129
32648,2014,736
1933,52,8135
180,2706,1316
379,2595,1053
34238,241,4405
36497,74,4555
17867,194,4179
46,2126,1856
32936,728,1389
24821,368,3205
7904,29,7209
34102,694,1044
17635,344,3659
25969,6,12005
31683,617,3459
22319,15142,6
1194,562,3077
10807,217,3324
1096,554,2998
11371,1052,1854
25875,186,5192
1601,648,2037
4657,323,3388
28977,2498,383
21031,93,6689
708,71,5475
825,696,3739
1034,700,2399
1549,97,6267
9723,473,3711
2125,340,4112
34881,2787,492
6463,26,5302
33729,248,3641
91,1497,1992
34005,3,13187
6987,3366,1184
36094,357,2225
1891,37,8015
27887,163,5131
8490,292,4595
32454,288,4083
4874,719,3738
2619,170,4992
13057,194,4537
7211,1,11458
32071,999,1888
8195,4,11199
34481,473,3396
416,3585,877
35180,1183,990
19365,1548,917
1132,3534,908
2267,315,4428
11533,1,10986
987,2104,1743
15605,2099,894
31741,2350,512
1569,2071,1573
732,2429,1536
2246,2187,664
997,1794,1959
18139,2966,690
2621,112,5961
9362,942,2829
519,800,2756
2571,460,4750
37032,19,7582
28221,903,1525
21201,408,4220
16405,635,3073
30030,15,7603
33541,69,6585
21743,1452,1105
339,6175,224
8181,24,8842
31631,26,3580
10562,5,10125
7761,20,7501
18679,10915,28
30892,3,11396
1457,248,3568
779,1758,1852
177,5182,505
30454,86,5973
35839,1471,765
23581,11,9688
21179,19,9142
25541,1,11754
275,1030,2915
3784,7054,295
3665,261,3620
2307,91,6623
16419,230,3675
34126,1089,1345
2165,32,6353
3918,579,3252
4534,17,8974
2138,144,5354
2059,30,8505
280,20,7129
1699,3130,740
32365,1226,1701
11103,590,3584
16067,5083,195
760,980,2852
28625,914,1587
317,9352,500
5054,92,6144
32271,582,1056
8995,455,2872
32951,3791,287
19067,52,4927
32999,7,10323
8894,301,4232
303,720,2841
744,115,5719
958,361,3352
5419,459,4142
23213,170,4900
34051,1040,1109
34537,407,2300
31838,21,7407
8560,1114,2392
4085,17,8528
16021,2,12201
30300,1963,1196
18153,9353,75
16656,366,4118
33981,80,5698
2200,37,6734
1276,184,4807
8635,198,5279
34618,2674,440
4729,47,8185
1719,2612,1554
2227,156,5669
1481,129,6534
23775,987,1580
17549,3678,395
3010,389,4390
31377,11,10201
33027,78,4534
8955,3,10407
4550,1649,1909
8206,159,4267
32961,241,2563
8410,308,3375
34984,1433,882
34013,68,5835
16742,7352,150
30625,15,8056
12437,313,3958
19697,568,2761
2036,64,6652
3661,23,8767
5841,1,10980
5369,429,4594
4101,5,9319
103,271,3812
35472,49,6911
24211,1714,1354
94,2939,1097
31143,758,2525
385,622,2171
1777,172,5863
32670,2,8743
24913,1070,2208
31178,348,2565
6783,325,3610
248,3553,1066
5762,522,3053
1961,469,3191
3974,1765,1312
9624,1453,1743
36245,432,1881
11441,630,2913
29846,1,10594
35206,20,8030
2288,174,5004
11735,51,7577
32214,559,2017
3642,270,5226
9136,2173,1108
17080,302,3103
7044,1035,2257
24713,414,4461
2518,53,6632
3011,667,3789
31592,554,2050
33529,2,13797
27829,1522,913
31378,701,1997
9884,23,6816
33113,156,3010
1243,683,2462
34741,1,9662
2929,87,5711
16664,1677,1106
2851,56,8175
28779,254,4024
31402,33,6941
33835,1,11771
6726,130,5869
6205,5949,432
935,2202,1070
3762,16,9505
531,2061,1783
1926,145,6916
25689,325,3341
25939,469,2953
17681,613,2588
36784,93,5470
1770,79,7215
944,578,2964
14813,10884,74
441,1183,2224
32087,8,10316
3015,345,3934
34855,672,2309
21421,393,3188
1368,531,3647
623,81,5536
5947,1257,2535
12069,1139,2258
31404,4027,307
538,1232,2315
7785,2696,421
10790,6446,293
4522,31,9217
325,2130,1362
8539,6,10455
35363,1413,1498
1807,759,2762
9741,800,2984
9203,1158,2234
7222,886,2663
1135,488,3851
33779,8,10825
23301,445,3123
6512,6489,462
5554,5,9804
31763,642,1818
15781,194,5636
19401,14,8328
1177,631,2703
1408,529,4025
1005,471,3690
2688,47,6381
2289,51,7264
3407,1681,1271
11785,4630,363
1098,357,4158
9907,843,3213
5504,691,2702
2999,58,7664
36049,945,1347
4264,73,5065
3745,141,6052
10465,889,1712
9600,86,6894
332,70,6366
8626,150,6839
2882,68,7726
6574,1796,1546
19945,160,4917
5940,3544,811
22239,5,11076
3932,8,9292
10765,153,4848
932,456,4522
10378,1855,1388
5080,561,4008
33589,459,2052
5583,338,5098
7588,1287,1507
31780,292,4739
10845,327,4030
1337,24,6520
33605,408,1927
261,596,3509
4664,337,4069
27741,109,5044
23699,1,11584
930,102,4092
17391,551,3297
20613,257,5868
10196,1101,2602
10728,78,6850
25099,2328,682
22865,2465,820
15979,103,5257
616,27,7028
752,468,4483
27683,3,12571
35382,489,2384
5784,721,2555
1919,121,5827
10260,340,3460
4017,44,8064
31139,294,4185
145,3135,702
8800,227,5248
2107,2210,1832
34893,18,7119
28817,1152,1326
37710,12,9032
32366,828,1979
673,637,3692
13411,2643,1238
3713,2073,1131
1826,234,3175
22585,1,11757
6896,1810,1910
20853,4533,326
1723,5188,749
4451,48,8049
4936,150,5876
33478,747,1213
2404,4166,815
208,2419,1590
25365,188,5437
22503,2,10661
11235,3111,911
36545,38,6727
18097,214,2988
152,744,2583
14231,28,8971
17371,256,4374
32888,5,8805
17113,26,8149
30382,191,3041
12699,153,5696
31181,3312,393
24459,1145,2082
3808,8,10121
1289,166,4857
82,1204,2124
10568,4212,494
2515,486,3803
2696,66,7244
2698,76,6712
33803,118,5001
34979,16,9099
7583,139,5771
8546,30,8618
498,110,5869
6181,40,8699
8357,1,11189
11341,458,3226
33209,151,4244
30103,46,8603
17821,1126,1722
6199,127,6172
2757,40,7994
13271,2106,1283
20385,11,9519
18639,52,6811
8098,364,3693
34312,73,6361
27633,2142,1146
17469,1,11656
21419,542,2751
18121,882,2610
1874,356,5200
5525,4179,552
16381,141,5860
1937,66,7934
2363,1009,2788
34870,125,6053
2782,273,4206
54,2969,1425
32039,256,4031
5945,225,3649
8491,174,5135
1014,217,5192
6075,18,9062
6344,486,3533
33104,29,7566
13643,68,7091
10217,162,4546
424,262,3300
164,14286,79
605,98,5025
855,2806,959
18231,131,5534
13115,853,1868
8364,66,7288
670,1375,2022
718,225,5007
35434,541,1816
2712,5,10962
25055,105,6025
13391,1579,1297
2030,989,1857
18195,2594,901
21479,36,7528
30379,391,3226
384,6160,355
2684,256,4529
11113,2260,1629
2786,43,7022
5052,16,8615
12343,60,6823
32041,13,9932
31829,15,8427
7643,5,7552
33190,257,2665
1500,344,4389
31318,1351,1027
1117,6035,885
903,3527,1171
35069,288,2994
36846,2,14139
33021,295,3832
1056,346,4993
917,429,3768
7148,4229,684
31804,1124,1460
2229,374,3430
2490,1626,2483
17679,215,4725
4056,54,6920
1725,244,5273
32410,99,4222
117,526,3411
8756,366,3718
1864,165,4251
6773,3977,490
31499,216,2623
1935,198,3849
10050,195,5594
585,4589,648
551,693,2836
690,745,2343
33511,98,2691
31091,1080,2035
6902,14,7277
329,2337,599
25143,366,3316
6882,925,3323
3023,17,8458
2680,1314,2693
4929,11,9073
23605,409,2074
19877,10,8505
126,963,2379
7248,192,5327
14407,1825,1287
12867,91,6273
869,857,3130
3087,2796,1248
4038,600,2059
33197,679,1889
24695,1057,2241
1707,289,3929
13215,98,5536
28077,143,6755
10207,58,8432
8362,97,6624
33046,403,2328
2212,200,4878
27947,329,2164
1803,145,6229
13403,2315,1373
4188,839,2556
1413,188,5246
2563,1151,2389
24909,168,4018
24373,7,10640
133,4417,935
2400,180,4337
18495,828,1922
4033,368,4154
603,662,2470
34262,900,1343
2238,716,3124
3692,140,4921
31410,3,9440
6676,1928,1542
1902,386,4722
360,146,5199
278,219,4242
30751,34,8409
431,15130,89
14181,9,10712
2758,12,9142
411,1601,1465
30091,1132,1062
34825,890,1389
1660,81,5620
2336,502,4019
36101,5,13043
27911,756,2254
18343,237,4077
4209,162,5132
10048,80,5855
2870,277,4926
33278,2,10815
375,184,4984
33490,50,6792
3258,106,5991
33758,9,8732
23989,298,3462
23555,2,10100
10659,1172,2108
13125,6062,114
2017,215,5068
28249,3468,352
1816,1578,1871
256,4969,828
2771,12,8251
23353,1,12097
15905,6,9075
17815,242,6079
4765,781,2828
3271,63,7430
3836,56,7706
13331,3126,807
8909,232,4575
8563,1,10041
33498,9,10540
526,316,3828
3313,43,8234
34373,2,13094
1156,339,4266
9366,2992,1212
35805,18,7543
9855,38,7975
17115,636,2749
5097,536,3699
4415,1607,1776
24531,355,3216
467,5659,273
36692,11,8000
17643,939,2653
2207,90,7132
33087,3,7675
34830,9,3860
21435,466,3000
3549,885,2030
31927,157,4189
1365,1477,1833
10547,562,3728
1490,147,4176
6872,64,7184
12347,57,6997
1292,5528,449
21431,4659,357
746,2030,1967
8514,2713,1528
6637,3970,847
1709,3001,1579
33362,207,3719
5204,4733,746
8324,4,10762
37044,13,8132
12899,1,11058
1572,155,5281
34280,3332,317
30066,6,10846
33038,13,5232
17895,7111,124
1729,694,3137
1621,95,7591
2042,281,4253
25345,283,3404
5908,7,10222
10359,23,6215
1082,281,3671
1582,103,6840
33712,2,4104
15613,1682,1114
31174,1241,887
34771,42,4642
6920,586,2866
13709,709,2106
2019,55,7531
1832,141,5820
2333,80,6212
12549,5202,302
36291,14,8584
22961,2145,1120
3605,35,8721
5088,9,9841
898,3883,1099
272,2130,1067
9598,898,2616
11751,1610,1280
2449,887,2207
15201,1162,1410
30825,222,4869
3673,700,2359
27567,36,7611
8728,994,2551
31845,1526,731
8630,5940,324
22335,357,4399
33247,59,6502
9212,5,10778
980,96,5676
37505,131,5120
24705,1681,929
3065,30,8538
28227,101,5535
34915,176,3539
35285,56,5265
26055,3711,400
3003,149,6681
23233,4613,243
32601,389,2789
6701,4,11062
841,693,2944
1090,789,2862
1211,466,3673
1930,172,5435
21835,104,4110
12055,338,3764
15989,535,3608
1329,56,7031
15437,2625,1165
99,1906,1765
36234,1,13970
32696,1212,1253
1973,58,7381
32323,437,2123
29513,547,3289
5114,18133,4
6288,1916,1706
16331,391,4728
35712,1162,940
22031,14,9483
9865,354,3730
19959,14,10105
32735,67,6444
12671,721,2735
1023,2364,1671
9288,225,5269
34006,3,3547
34497,2029,557
1254,2612,899
19257,491,2361
25,2065,1008
929,78,4787
1021,265,3792
18391,27,8047
23787,342,3877
17437,564,2996
668,428,3425
2095,29,8693
32816,41,7433
31417,352,2792
20371,846,1999
30757,108,3206
31588,946,1309
1604,5149,173
12877,80,6717
4548,1952,947
22043,3575,120
30230,1138,1384
456,421,3172
34647,377,4155
33419,179,4002
31807,11,11033
3077,20,6661
25161,1510,1711
7712,150,5614
25973,19,11370
31111,37,8784
635,530,3304
1848,36,6883
13239,296,4446
32175,823,1691
1030,1816,1658
34611,212,5450
36777,5,5244
6479,1137,2849
13283,463,3516
27927,353,3563
10216,1816,1488
4985,1148,2447
529,2323,1202
1361,4305,1365
33929,1011,1468
5645,49,7489
10504,390,3594
36491,17,8480
35333,1,3159
32423,143,4764
4066,472,3057
29807,110,5455
36502,73,4782
28121,9470,62
2273,1950,1744
6213,7111,220
5020,531,3363
2824,35,9090
4200,150,5577
9940,68,7807
19159,494,3502
12037,7,11066
33474,2,11165
334,804,2102
31980,844,2435
116,491,3505
36823,80,6104
5914,1028,2202
6050,560,2901
895,3695,1233
1591,417,3655
604,287,4188
2927,2664,1214
2237,856,3062
3430,348,4320
32574,549,2659
31414,1551,893
137,2768,1198
6993,68,8503
1047,1150,2842
597,4971,719
15811,761,2633
32740,332,3474
24625,601,2400
3604,918,2533
4181,14199,55
1303,2808,1514
3545,118,4301
36297,11,10706
32899,2118,589
1070,103,4430
31715,1676,1483
465,2299,1781
167,2191,1199
10638,2127,1742
7793,16,8417
36468,114,4874
23137,57,5701
34239,34,6992
33080,1311,1575
33213,5,10938
21085,3589,573
10324,102,6561
34888,47,7733
6234,471,3962
35220,515,1830
1055,702,2698
19367,1410,1676
6684,23,9609
33447,313,3518
33975,36,7644
5231,1079,1181
2708,1,12154
34863,171,3170
10155,3405,691
34028,165,3732
35559,165,4886
31418,430,2541
28,1696,1301
30390,10,8192
2124,1751,2284
33979,101,5764
1474,208,5235
14127,223,4166
6500,3879,397
32195,13,9141
1931,152,5584
14093,805,2248
5902,1061,2545
31933,2781,432
462,2801,1535
4211,9,8573
1526,3074,1363
12175,3240,696
1722,2384,1328
8516,6711,298
26359,212,4208
6774,1117,1458
22377,222,5280
942,406,3315
16001,5135,585
6397,7,10152
4890,177,7148
36010,44,6670
6031,14,8638
35860,1584,654
8110,388,3554
19029,311,3881
23619,678,2648
12355,7831,148
811,1154,2699
1097,305,4195
367,100,7017
6718,19,8240
27681,1,12897
34720,1,13412
31618,51,8087
7748,1350,2061
3630,5,10284
5028,1394,1835
22699,161,4263
35612,3,12274
20479,818,2516
25157,5588,162
1397,573,2747
9346,21,7007
212,409,3654
1107,696,2769
35676,295,4203
8609,413,3665
20449,1782,1466
28179,227,5037
6201,4532,645
15085,3546,467
8041,2,10192
2112,1285,2000
36220,831,1377
25073,1,12036
16472,206,4430
3469,381,4458
26395,606,3185
508,1203,1917
134,4019,655
20651,1386,1736
6408,1911,1556
9253,15782,8
928,220,5697
470,647,2882
30850,40,7205
32869,303,3200
6635,152,4974
32555,496,2303
5597,963,1898
35522,102,6032
6095,18,9514
34613,17,8112
5118,3295,1051
22125,1037,2265
27775,5203,155
324,383,2629
32871,200,3408
22693,52,5010
2834,72,6282
1727,880,2305
1384,560,3293
3086,1229,2621
21809,818,1689
970,92,5567
759,3947,679
372,3320,1091
12267,13,8686
7523,8,10539
11491,1685,1930
1822,148,4871
36548,1193,973
2221,169,4963
14145,313,3643
37590,27,6849
32191,192,5093
114,2130,992
29163,832,1986
21073,231,4390
2545,65,8392
23327,1902,992
868,816,3159
665,834,2103
203,319,4555
1241,1106,2822
12237,140,5387
943,188,4393
5013,13,10018
1530,7035,402
32826,69,7672
285,337,2950
3660,28,7703
31442,4000,275
6078,9,9703
1038,83,7209
23319,771,2274
253,783,2359
45,6791,240
419,1735,1707
83,514,3782
2923,3671,583
22789,7007,176
30702,169,5153
2516,130,5745
1427,160,5775
10406,176,6687
1251,871,1965
34914,1952,774
10390,148,4513
32944,2,9888
4586,56,8287
2398,1803,1852
11783,2149,1193
321,537,3556
32915,567,2358
10083,2381,1624
3570,28,7430
3114,7,9255
8456,522,3197
8339,453,3886
37000,8,10776
25867,1026,1350
34277,971,1846
31994,675,2856
21511,2645,591
2889,7778,512
2951,2042,1931
148,185,4359
27957,1738,1494
30663,17,9489
23289,8608,109
35254,24,8246
466,1288,2650
34877,2,11321
2222,220,4139
23643,5,12052
19775,3173,522
25597,2,12654
10067,7083,489
17729,4807,248
762,4834,964
3655,3362,681
451,3089,1352
839,80,7379
18617,979,1626
4074,29,8661
33950,478,2870
32916,1,13260
8250,75,6984
3323,948,2779
13601,11476,29
6604,49,5839
34543,404,2183
473,236,4767
22359,273,2732
35251,208,2494
36039,453,1926
16904,2983,600
8449,1978,1306
34374,180,4017
8426,1714,1141
23673,4438,357
1157,1045,2180
12921,195,5800
7770,152,5271
11209,1055,2030
12729,3378,641
36586,2,13574
9750,2482,923
34902,3543,311
29687,11,8934
29865,30,6799
18419,152,6115
4306,44,7136
31289,692,2795
20971,448,2743
6462,38,8609
8425,6652,201
2603,543,3283
953,1789,1491
31861,42,5816
13759,9835,65
27969,346,2938
10832,153,5423
196,3576,1226
14183,3,10431
30543,79,6087
1186,195,4647
8065,4,10567
10595,7,7304
31995,116,5834
5673,28,8065
3701,1296,1072
26019,112,5070
2709,76,6788
6657,181,5735
15823,4,11590
815,941,2989
20801,261,3589
34812,103,5389
3561,32,7842
3325,21,8332
13799,216,4827
6895,3226,773
31633,219,3619
5526,1837,2413
9587,2410,1334
1234,147,5971
3613,1502,1598
3391,3,7537
27419,195,4905
3000,169,4543
6768,934,2139
35498,99,5206
43,9001,174
27831,3992,385
17637,693,2969
15389,28,9259
23383,1470,1821
32897,1,12796
31018,47,6684
572,6721,407
2804,37,7639
9333,395,4653
17843,278,4507
2050,138,5566
819,2020,2053
4496,63,7515
4581,2745,993
1544,142,5999
1608,165,4787
3219,367,4782
11285,6255,283
35557,1725,651
1872,23,8767
2926,5203,615
36191,13,10222
1661,173,3773
25991,82,7729
21737,151,5644
34240,4501,508
31456,419,1651
9958,1229,2273
5353,29,8431
9124,282,4659
33685,44,6398
34021,178,3453
5053,74,5945
11659,19,9094
565,2244,1526
1218,1762,1905
32171,391,2040
11185,163,4468
31564,762,1775
33500,3,12307
13137,130,5222
5702,1124,2145
7337,1406,1696
17727,75,6370
17585,171,4824
18745,1063,2465
20543,928,2192
8234,105,6114
21235,399,3271
10611,1960,1234
22695,142,4409
3137,87,6603
3162,42,7440
9922,1824,1295
502,1946,1848
688,728,2758
1635,371,4480
7160,2,9180
1235,393,4828
8408,5383,711
2158,1119,1691
19429,3547,480
3670,200,4748
838,555,2510
36197,1,8103
10017,816,2605
35250,199,2514
7582,65,6657
29301,235,3643
12461,1556,1175
795,281,2935
5570,15,9228
27939,181,4923
34085,223,5404
34639,48,6240
55,400,3417
34944,36,2424
22955,41,4176
33125,85,5572
23679,34,7406
26449,460,2809
23945,1253,1583
1236,42,7442
13599,3360,645
3466,1248,2320
8832,2,11065
31989,254,3349
1375,277,4122
21677,965,1521
33236,16,10842
16868,1499,1891
27709,79,6616
2176,160,5407
31909,324,4643
454,899,2894
1878,79,5426
2965,150,4200
28999,8662,72
6421,3101,957
33672,14,8673
6868,1,10485
10714,1086,2413
29809,169,4439
35182,98,5269
84,1006,2362
23225,1254,1751
2262,228,5556
629,263,4743
2577,157,5769
2185,139,6067
28351,231,5482
266,443,3471
3019,150,5736
1281,1496,1267
175,787,2612
11859,621,2253
257,3960,832
3911,111,6937
5877,89,6321
2100,91,6880
4082,534,3950
16774,1779,1379
934,11375,97
12963,34,6872
29575,425,2837
22777,1181,1164
1120,3031,1427
1634,460,4135
11771,9179,85
34733,183,4358
34766,34,7027
28859,74,5832
30100,245,3593
27787,5444,235
3229,3357,1039
8841,10045,129
18939,1,12177
390,3069,1037
4504,9,10246
13781,2,11441
13833,817,3061
11237,434,3760
3358,2612,1192
15315,6504,199
5305,600,3933
552,8275,305
101,8254,340
34525,833,1589
1509,389,3137
11739,1870,1444
4013,29,9457
30240,6468,133
6932,78,7674
27687,19,9840
35255,24,5790
1278,1056,2893
404,1048,2407
10361,74,6379
31821,1993,1022
4752,8648,299
80,1834,1215
3501,108,5585
2452,170,4951
111,313,3808
33433,1820,739
11741,10692,81
10075,1425,2158
32875,27,10722
32502,22,6965
22663,2850,547
32634,134,3689
951,171,4466
36760,9,7982
1713,28,8399
4513,99,6348
35079,1300,954
2598,34,6013
2583,92,6526
3468,432,4290
1293,370,1953
9645,9,6795
28387,1790,915
7661,1616,1639
3223,147,5599
19685,2221,848
6893,1213,2021
9455,3,11428
1136,272,3706
29317,2769,1289
35235,31,6607
16928,175,4649
34934,2108,553
25805,460,3242
1827,2964,630
6736,353,4760
2579,206,6101
920,273,5413
6624,1022,2133
23877,70,8059
15061,146,2487
14941,935,2286
32827,1057,1079
631,622,3899
1391,75,5605
34032,12,7012
3863,41,8970
32830,23,6868
15313,364,3795
25731,2009,797
3625,152,5293
773,87,6415
5832,93,5810
31884,98,4560
5959,416,3496
24439,5239,142
1564,3529,948
30246,35,7138
908,3373,1524
33,6481,210
4639,58,5844
595,661,3777
9107,1163,1643
299,1285,2261
24701,2183,727
1662,62,7211
17827,1397,1209
30291,41,6132
371,3232,1205
29223,214,3735
11531,1225,2229
6064,1072,2002
8115,498,3064
5507,2818,909
17265,9120,64
35639,1664,639
7375,978,2671
3787,101,6917
3754,72,7696
30923,12,9088
373,325,4247
1862,1096,2655
5658,43,6226
6023,2397,1484
1170,821,3126
21189,880,2846
36861,40,6807
1694,370,2855
36009,209,3104
223,11297,99
169,4237,800
270,11343,125
2385,1706,2336
1095,721,2690
30988,205,4794
2756,437,3615
9445,12,9546
3355,3,9351
16363,179,4161
3280,21,9425
34383,1065,1177
34675,34,3874
5671,2046,1256
30893,2,11153
16678,206,4804
17901,734,3567
13785,211,4360
1112,280,4600
21339,2761,614
4132,29,9096
8023,1506,2105
25857,35,7926
36169,4,12356
13219,185,4699
2409,312,3717
4450,427,3823
36175,5,13322
5332,472,4165
24703,5062,189
17121,1752,1768
154,6484,343
5895,11,9728
31578,204,3956
7307,16,8385
28683,204,4377
2501,26,8045
1747,492,2949
15225,6627,255
35222,774,1493
3706,129,6433
21241,797,2421
561,490,3276
36797,30,7143
12599,57,8131
31251,1878,869
36848,61,4087
11835,8,9064
883,953,2948
21439,735,1889
1553,177,5179
76,2735,1127
2842,596,3657
10681,1683,1527
9938,1601,1659
1825,278,4448
1374,498,3101
20973,2027,931
1956,2431,1450
2216,1474,1229
573,863,2610
7705,961,1732
29893,386,3211
35009,158,4581
33581,1072,1273
31812,727,1327
36524,701,3036
65,3841,1028
32251,6,9910
16123,820,2477
3849,72,7589
27945,105,3931
3108,74,7212
800,516,2597
34659,19,6006
8017,77,7145
30813,132,4327
12783,1337,1318
31138,1204,1781
11561,22,9274
34213,891,1799
21939,2880,569
984,1399,2254
36764,3,13823
3939,291,3892
27613,204,4279
885,1380,1478
9544,780,3102
6527,113,6282
33004,412,2909
17743,590,3265
12859,3301,784
785,787,2803
9181,5178,444
17409,667,2383
23269,1186,1618
10219,641,3483
31374,1592,1037
1506,1201,2161
6287,1198,2667
36765,2,14002
34834,249,2923
37719,673,2441
10937,13,2189
22655,88,5829
427,1695,1499
30279,1603,1231
445,496,3292
23367,58,7468
4067,17,7627
34349,94,5305
568,824,2431
5022,12,9768
16918,4085,506
33263,442,1649
31552,660,2269
31930,37,4986
1909,182,5805
7060,152,5965
34712,1115,1024
1192,1493,2261
20359,978,1934
290,1093,2031
34928,1,10869
35376,1365,937
8443,16,9716
33486,7663,57
5259,130,5729
8101,843,2520
463,2482,1697
267,2885,726
981,1547,2574
185,2944,745
758,668,3455
3989,36,8576
6567,112,6411
8424,5486,503
4280,5762,657
23249,217,4105
1261,413,3944
36790,10,9338
33457,19,7801
455,430,2579
32030,83,7514
3910,37,8212
3991,102,5465
7122,9,8692
9308,700,3044
33798,141,5750
1889,8360,251
19671,1275,1670
34848,4,10057
8547,26,8890
29871,20,10790
30585,641,2630
308,227,3249
14583,152,5422
851,235,3389
15199,1507,1288
5957,1591,2436
29786,5626,193
89,463,3024
8792,843,4108
5684,211,3883
33342,1,13392
22745,444,3207
30132,74,6093
971,437,3401
1602,616,2890
3424,28,7178
6546,295,4231
124,764,3289
9159,435,3705
1313,5844,565
23157,24,10322
2719,68,5509
3750,583,3203
3361,9,9652
34542,3085,376
35075,374,2620
1458,28,7371
31646,2500,391
2023,65,7070
658,1673,1331
14123,568,3594
35302,2,11598
1111,298,4602
1678,523,2744
29801,75,6889
31555,2,11025
9811,1,11803
12321,802,2977
7592,4181,497
14027,3468,1084
24795,1,13162
3226,1493,1886
32932,23,8193
138,2881,1126
1482,7269,106
28257,23,8458
11917,783,2742
1071,150,6561
35320,620,2654
8026,269,4834
872,345,2665
4999,4962,616
4792,1285,2911
412,3150,1298
3616,1425,2064
19653,668,2175
35262,1251,1653
110,362,3583
32551,1042,1787
35963,1,12079
36074,3,12913
1459,366,3637
3927,3972,851
3292,225,5811
2389,182,4532
11499,7932,205
558,1660,1778
33740,186,4449
5355,3387,764
1532,1615,1918
19157,14,3487
105,713,2902
35076,2219,571
9055,1107,2189
359,198,5375
32609,4,10613
10798,2903,843
33099,1,12480
7695,1359,2009
8479,1930,1082
892,1621,2039
876,834,2904
24817,15,8660
12677,616,3355
30321,1157,1622
32256,16,10777
73,7281,415
4021,979,2330
4191,38,7256
32734,5,12002
9367,5407,369
26009,2,13129
17615,4,10826
3342,3515,709
17887,61,8204
557,339,4796
21569,547,3177
30412,19,7307
11019,217,4239
31740,136,5332
2544,98,6328
32934,60,8113
10936,156,6055
32937,6663,112
30232,4,10569
5184,1,11372
2175,1328,2066
6327,93,5769
10934,766,2981
4726,2164,1442
905,3541,1115
3958,4561,791
28983,1,11757
22247,1,11729
1668,1376,2210
28957,1159,1432
20,19227,10
1383,49,7281
2355,397,3652
867,841,3161
649,837,2939
68,5316,430
3470,6690,339
6636,4,9404
33071,554,1958
35073,3028,314
15933,808,2668
2179,74,6903
13855,227,4496
17247,4333,410
12711,1862,1110
31440,481,3600
36759,1,14130
8900,5,10209
36937,2,11461
250,1111,1191
10162,7434,256
20909,515,2582
8079,17,8935
28405,1349,1576
33564,55,4898
1844,310,3831
5030,4630,713
31157,198,2791
18045,931,2677
2014,260,4443
11073,285,4406
15883,593,2591
6571,5,9386
25015,1457,1246
2848,324,3853
33840,203,3255
306,1823,1398
30641,145,3526
5493,461,3909
34884,91,4067
25681,2808,588
34488,3,11641
31430,1084,1501
13367,3530,694
659,2267,2061
894,3855,1154
97,3385,689
2043,344,3697
10497,621,2873
29027,1571,1445
4443,186,5653
30458,2445,772
18851,1234,2113
33245,81,5446
1347,591,2491
6325,4639,827
555,448,3835
10306,27,7656
5310,1164,2469
18397,4307,455
29722,9,8495
33489,2919,300
10020,5901,658
5150,2787,1279
2539,362,4709
23201,475,2776
27825,76,5912
100,1728,1686
28617,2194,643
32668,1318,1653
4650,233,4977
12419,1142,2299
2847,2494,1509
15051,4827,305
10716,983,2489
13863,999,2595
2063,69,7571
2097,105,6961
4010,401,3908
34999,24,6809
7465,2639,1010
34179,13,9655
1527,1007,2940
34642,404,3347
34777,534,2739
3727,125,6485
941,684,2585
979,845,3481
31553,2002,1292
3702,4935,627
32730,178,5761
19319,947,1722
28169,49,5981
3165,854,3071
18689,1746,787
2403,2960,1054
2792,77,7529
1346,280,3964
1189,178,5028
1898,138,6433
27815,128,4169
147,4330,829
1648,268,5066
32013,2027,1018
31229,1428,719
8057,558,3041
6428,2,9554
33723,5,10184
530,6294,423
2767,112,5808
1967,369,4124
5454,691,2710
30378,1,10930
584,1837,1249
3326,602,3350
8908,217,5033
36904,366,3267
33686,50,7239
35949,39,5841
566,557,2803
30600,145,5886
10607,12,10645
7972,315,4693
29751,1,12930
24261,889,2243
6299,220,5260
30206,1637,1629
93,4032,761
30777,3,10229
33691,3,13423
2938,44,6444
1290,286,4333
12485,25,9252
28537,292,2532
8551,25,8774
2500,224,4339
2733,96,6704
1533,551,3111
4262,1508,1890
8676,5155,372
606,309,3730
32309,285,4333
33041,373,2778
10271,2145,1009
298,2341,1474
12403,3170,793
1578,227,4006
14647,184,5179
8074,17554,32
2997,74,7188
6107,29,8614
3686,259,5413
35851,52,2227
24991,2229,940
12997,433,3613
1815,2790,1552
350,877,2296
31559,1865,833
543,3706,975
6892,220,4704
10717,999,2423
497,842,2570
9989,14233,45
2007,51,7615
35369,626,3208
7338,5442,476
24475,1014,2101
35965,41,7550
1911,312,3779
35015,368,2860
33696,74,7841
36349,1,14241
433,4792,621
30,14649,48
32547,555,2792
3937,2,11053
2002,2191,1069
9135,3445,776
2259,46,6511
2586,84,6738
7759,119,5848
5251,683,3069
11843,7956,139
8987,125,5408
357,6264,607
2219,137,6298
23227,1243,2178
22265,4062,377
16033,303,3232
10380,776,2658
2085,15,9347
4663,99,6439
7081,110,5001
9204,214,3895
23459,493,3239
11743,2283,1172
3199,109,5954
17879,506,2997
21649,166,5743
9751,985,2169
30818,2,7623
11505,23,8863
31668,39,6757
861,5402,414
36803,4,3845
3710,205,4058
32359,52,7018
2740,15,8772
1466,35,6867
1116,132,5553
10731,270,4200
2907,185,5212
6958,618,3900
1011,646,3416
20441,12,9955
9120,1599,2303
2513,571,3684
16586,3,11456
21571,122,5893
364,203,3947
36728,3,8827
731,2098,1751
10336,810,1987
36575,6,13546
3990,96,7907
4653,123,6210
7666,69,7911
4483,508,2823
31196,103,4934
32979,1514,823
37005,4,9467
777,6215,105
12119,1058,2043
10546,116,5181
34307,3,11801
30695,55,4197
906,3167,1251
3306,93,7044
7858,3273,1103
10457,184,4778
32301,298,3131
1301,387,3700
17267,207,4154
5039,1832,1247
29974,1024,1369
10073,2018,1014
239,2634,634
8675,7268,234
25169,20,8141
32596,1,10211
58,1463,1522
30782,1312,1588
827,166,5783
36022,35,6572
28841,172,4558
5342,2729,1055
3329,60,6912
36436,8,7520
32867,3155,370
19369,4471,409
346,484,3440
18247,4320,375
3827,12,8751
2069,29,8984
33244,445,2797
17357,97,6517
36229,8,12710
6986,215,4941
19195,744,2292
3848,1857,1895
647,103,6280
1813,2585,1803
10469,476,3430
35295,2,13118
8548,24,9012
32031,69,8111
33116,3,13436
30869,137,3010
440,1776,834
1409,118,6085
3138,204,5946
34626,1891,981
481,5441,417
9252,2527,1574
34599,4761,178
3579,50,5324
33302,161,4368
23321,5232,197
33506,3883,259
16916,2407,1458
8577,2338,1594
1087,513,2542
10014,87,5235
1181,236,4915
149,3795,879
24469,768,2839
9693,740,2844
25889,11,10134
32421,2,12421
10447,1688,1087
6772,3079,1224
283,364,3224
1560,88,6774
15841,278,4097
1083,44,6704
25341,250,3756
23029,11,10940
34623,40,7437
30438,39,9187
2084,26,7533
1069,181,5345
2479,91,6912
990,1677,1855
13299,17,9866
30658,82,6505
29868,60,7223
22057,754,2982
771,234,4683
34304,14,9030
34382,1748,502
28771,676,2240
25859,1039,1665
3048,149,5774
36473,47,6746
6355,56,8433
15195,883,1640
761,3627,1462
75,851,2013
10686,1540,1813
2772,493,2716
2040,10,7832
21881,11808,17
517,2862,1638
16345,13,9963
564,1529,2354
1359,516,4070
16389,14,10414
1953,2159,1840
10770,151,5149
7463,473,3907
32182,6827,84
3079,49,5714
21563,1629,1023
15393,8,7075
28713,408,3257
849,16865,68
28069,1847,1368
37087,137,3988
2407,200,5198
11701,4727,780
8100,1639,1505
33972,4,10668
1674,850,2819
2081,27,8910
9934,445,3110
15565,1471,1143
31168,98,6070
10308,1162,2024
4420,29,9191
160,1736,1099
15751,2152,1048
8795,5059,362
2694,6,8512
9595,37,7255
34742,242,3859
33377,577,1092
12031,1198,1082
6129,513,2821
2166,1259,2508
10916,287,4666
2863,136,6199
21667,1306,1991
8367,44,7724
32729,4259,230
3230,2745,997
30920,39,8253
6581,690,3605
31923,41,7460
17012,112,5710
20745,1273,2127
170,2638,753
1663,168,4879
4991,25,9500
651,1605,2685
33661,33,8498
31121,489,2517
3390,91,6252
30845,61,7194
33726,276,2355
1468,342,4068
7723,122,6642
1084,432,4235
32681,1800,961
19759,1458,1555
6,9136,138
34501,601,1941
1559,4743,475
104,1625,1677
5781,2340,841
129,1203,1829
237,6759,203
23325,752,1919
21033,2664,748
2832,865,3028
28881,239,3876
10945,108,4708
197,805,2747
6793,3182,1220
19825,12,8318
21845,1233,1348
3327,20,6451
1783,391,4191
10313,11,9874
7103,436,3024
15133,1089,2010
2581,4848,576
9919,15477,14
16005,1897,1004
5194,452,3836
11685,34,8816
2746,996,2976
13163,21,3962
8142,2318,942
2743,350,4469
1239,2915,1241
34367,26,8347
29089,55,3648
33118,109,4771
22199,10731,25
5112,3226,971
3735,15,8937
34104,1487,892
2622,94,7069
4439,17,8696
8496,15,9970
33420,66,8256
607,98,4971
35573,32,7923
1808,1046,1916
1273,195,5778
1594,3288,862
4795,870,3393
1209,283,4633
5715,72,7688
25159,4057,360
11101,14,10254
19101,127,5377
7611,95,6382
23511,1,11084
31758,2195,649
33357,2,9061
33011,192,4554
33105,23,9084
2169,347,4492
1516,250,2799
31400,100,5325
24543,686,2020
34820,49,5948
19397,53,7508
1367,1267,2110
10080,7927,288
1000,353,2673
24455,3428,466
1167,207,4454
3782,6517,587
207,1190,1899
162,702,2825
2930,1,12132
4472,5522,901
1880,118,6587
24269,2,11809
32842,1,12056
791,100,5761
222,567,3233
23421,1988,868
438,547,3611
9724,2235,1640
16287,344,3512
33519,65,3272
8557,3340,715
34904,614,3211
2935,90,7271
10346,13,8842
4917,16,9537
14645,890,1981
24675,14,9889
3354,1639,2426
32494,1274,1112
13259,277,5802
33325,1,12850
387,3784,530
17725,1180,2554
23333,1581,862
4503,211,5019
2454,292,4777
34753,646,3144
20655,709,2627
18047,13,10730
1401,984,2891
34565,446,1636
18041,1514,1447
34492,72,5437
2364,101,6220
10258,358,4022
428,699,3601
25977,14,11578
33074,132,5909
13859,1108,2070
8898,31,9210
2497,169,4802
2000,397,3274
30895,1119,1307
3965,1551,2527
33505,77,5506
30187,2688,652
1372,487,3043
383,802,2679
7786,19,8780
8311,1460,1704
33814,311,3409
22055,21,8474
2039,13,7611
18229,2693,631
627,1840,1456
32239,99,5500
36875,60,7597
35707,8,11937
30410,4,11187
15117,3561,983
2869,209,5304
621,466,3299
29901,1,12282
4962,139,5888
16648,69,7505
5141,517,3173
2128,15,7725
31149,534,2224
2966,10638,100
3446,1827,2393
30499,87,6259
1603,195,4590
10033,725,1152
2798,1038,2858
2789,373,3996
265,2481,1472
17543,73,6443
20053,1207,1669
6380,616,3034
2291,141,5248
131,495,3006
888,815,2948
2808,399,4133
1015,3532,1395
202,5477,359
28215,424,2930
1228,142,6525
1091,673,3089
33771,562,1808
15417,3122,685
28675,2074,827
15731,344,3309
34903,54,3830
33341,244,3410
18001,2515,836
614,215,4469
31973,645,2315
28621,2228,830
20583,7690,86
30922,75,6951
3345,55,7499
6573,7941,244
8337,250,5428
2683,973,2341
158,1286,1759
15895,524,2845
25503,1,11303
27503,283,3745
1998,516,4225
32833,138,4720
17819,816,3687
31105,36,7121
4854,23,8036
3834,5,10350
1868,240,4526
31227,111,4696
35629,570,2153
3317,14,9277
5079,2536,969
18771,124,4488
1550,191,4957
29787,1312,1321
33089,690,1624
2964,684,2495
173,936,2073
10721,4291,394
9618,1441,2111
33024,139,5479
18653,148,5306
8068,497,3049
3674,691,3288
9063,1378,2269
19703,1608,891
30419,128,4853
9335,745,3514
5341,7614,240
15,2108,812
11997,191,4727
31722,3061,456
8196,13,10030
31491,249,3598
417,1566,1872
1858,804,2496
32160,51,7607
2597,485,3824
34411,123,4040
36923,423,2222
2354,513,3232
251,1585,1182
30790,164,4846
14951,702,3833
6946,528,3669
20221,542,3385
36522,47,3861
940,2084,1455
37051,8,10621
25389,2053,1221
5288,134,6020
32437,84,5146
29808,175,4504
20689,3469,445
25729,155,4505
34299,776,2209
477,2442,896
617,3094,1160
797,487,4172
3320,45,8276
32806,50,7479
9745,918,2582
14617,247,4296
29511,371,3973
9581,1102,2367
13055,2805,1229
3159,18,7715
28539,244,3139
20391,88,6866
21557,2133,897
28013,677,1682
13251,104,6501
2126,310,4140
8481,1042,2581
31756,652,2428
33069,285,3558
7818,13,8907
5958,7363,220
31798,4780,184
793,2612,1602
31952,2124,694
10536,1088,2176
33205,139,6270
13551,2,10839
32559,1,13398
33795,327,3898
13201,302,3862
10270,7,10470
1031,134,6843
363,130,6321
227,11167,117
14913,21,7641
432,492,3334
4508,192,4813
12581,1485,2031
9776,2304,1149
31753,1,11868
32785,17,7310
7157,31,8796
1373,161,5433
32613,72,2961
6974,2907,1093
28911,22,8830
1424,182,5530
2386,1947,2237
34747,73,5674
8197,964,2696
696,1724,1590
734,306,4919
32407,1125,926
1688,741,2801
33045,128,3961
4651,20,7748
3111,94,6570
33163,8,10422
33558,1754,1763
3636,171,5402
20649,459,3346
268,5645,518
2503,5,9434
4672,1971,1257
3152,36,7964
31422,270,3281
2685,3082,1209
35730,80,5359
9734,2872,1276
4278,100,6515
3654,1359,1973
2064,57,7575
1043,751,3275
277,1229,2398
2868,204,5293
4197,233,3804
13563,68,7513
32360,1372,957
3907,157,4192
2220,363,4716
25283,2212,662
4690,105,4847
9013,25,8561
4189,278,2920
3022,13,9380
4551,2592,1070
32615,4168,267
21729,190,4012
5997,7,8485
11021,1812,1236
31914,1393,1085
13221,438,3270
10842,345,3105
28447,482,3686
2899,3161,1480
16023,247,4325
115,348,4007
11617,11106,56
5680,14181,80
3765,20,8859
10156,1828,1411
31637,5284,279
32409,155,3576
6883,141,5956
22859,628,2816
32282,6766,127
28819,3131,593
8842,11,10610
24655,1461,1043
18441,2523,1271
8369,65,7213
471,671,3008
3571,84,6858
4574,4,10336
1020,331,4229
25013,5249,165
15545,32,8239
29573,110,5203
588,658,3747
860,1445,1968
650,803,2647
37026,8,9314
18781,108,6227
14131,3099,559
30296,5293,168
34510,6,12217
10802,12,10014
32005,352,3128
24775,1,11928
6220,107,6331
9673,51,5377
18095,2412,866
34800,139,3941
21329,2219,1201
35739,73,5890
33806,15,8217
168,2191,1339
31244,20,7022
3266,907,3191
524,1886,2387
2912,73,7775
1820,55,7984
2547,433,3639
31573,57,6037
19123,841,2287
11757,21076,3
30736,1458,687
4158,181,6877
10713,1264,2346
9777,67,8032
31765,3475,316
16732,2074,815
685,351,4392
34514,430,3025
33455,20,9002
11911,39,7320
1269,329,4215
36099,5,13822
656,2372,2025
20507,13391,15
37112,3,13025
32954,334,3648
9028,3,10843
2026,4276,523
1944,438,3773
21059,68,6260
7867,12,8171
8258,1,11402
36440,5,6610
11227,1424,1570
31380,710,1905
687,2291,1005
16051,876,2297
32977,132,2933
33240,47,4857
10545,232,5920
14749,5272,310
2570,55,7405
1128,372,4249
3602,92,6420
31716,1897,704
31764,2781,519
128,400,3992
6422,85,6449
10456,2651,737
36259,90,2546
30089,6,11418
2083,63,7373
1473,303,3929
23135,48,3515
31498,693,2493
6385,459,4132
1573,257,4204
2781,60,6876
19099,257,4766
3522,54,7156
85,1209,1851
1017,808,2409
35450,6,12214
9935,42,5025
11979,3285,763
28299,834,2169
21647,2608,686
119,1531,2217
3171,148,6245
31221,291,3530
92,725,2505
1857,69,7087
35326,16,9059
10087,12233,43
34725,15,5984
4598,5,11259
11313,1485,2093
10500,713,3157
9065,1950,1351
1990,61,8414
16866,1977,1349
3272,83,4798
31762,71,5120
13309,244,6111
4713,645,2441
9718,83,6791
331,141,4353
2235,1221,2764
16011,4290,286
29756,12,7864
205,11631,67
2723,58,7054
31201,31,8479
6712,582,3172
33475,2208,621
506,128,4790
3021,19,7798
12467,3628,620
3550,22,9004
10350,518,2777
276,1865,1710
342,361,3491
19193,840,2163
44,5626,481
1659,359,4881
28297,4810,217
33690,215,3666
19815,14960,11
921,282,5115
1508,144,4545
11981,4738,403
288,3068,1303
15039,3036,629
2921,203,3364
1127,508,3215
33698,3,13473
24751,929,2344
32935,4608,274
2213,362,2675
2703,89,6314
1843,136,6719
30902,921,2129
4173,115,5816
19251,456,2832
1219,586,2975
1534,227,4304
601,1859,1667
10624,1145,2138
11537,23,9637
1538,909,2165
814,698,3448
11241,2938,850
5205,4392,707
8129,3922,624
33157,139,3541
394,2132,1694
933,929,2455
218,1054,1960
5447,43,8164
16143,263,4056
1065,390,2883
7669,1078,2978
1022,247,4360
918,4825,95
2852,382,3820
12503,1453,1772
27631,3654,236
31344,95,4973
1078,1417,2438
33031,614,2277
973,230,3853
35818,75,6359
10821,126,5638
28851,7509,77
6867,1200,2317
3369,150,4954
14835,487,3377
2236,12891,113
9314,2285,1275
10259,133,3197
184,648,3028
30916,22,9600
2156,1331,1783
3418,25,8053
2031,1011,2269
30652,326,2884
23083,82,7047
21755,189,3889
1180,161,4478
767,259,4847
3876,4,9878
976,438,3743
1268,104,6261
34302,24,7833
2895,32,6783
34412,41,8325
35247,1565,762
5973,964,2421
769,376,4339
13449,4,11170
15043,259,4175
32608,412,1571
13161,4971,339
23311,1363,952
1299,229,3330
32878,535,1995
33659,13,8972
16514,1,10771
5084,313,3938
6557,16,9160
21097,415,3155
36644,1,12248
26017,3,11453
34823,490,2267
2487,30,8324
36791,5,9809
25647,328,3409
5622,79,7332
713,2795,1561
123,2398,1124
516,351,1756
3546,7,9609
1344,83,6659
653,340,4275
30251,101,4702
389,2063,1530
35480,3,5581
10049,2963,886
3288,280,4224
12893,2424,1195
30739,82,6784
171,50,6268
34161,418,1989
9561,62,8187
23079,2626,752
1271,161,6117
33206,5440,158
25241,1155,1932
4447,1003,2352
2041,378,4237
32534,17,7997
19879,6,10056
157,3431,899
398,562,3339
3667,3392,743
7627,2341,1179
30307,5109,215
5886,6,10880
32901,4104,272
2208,28,8190
32088,6,10267
32900,766,1276
22507,838,1789
2306,98,6556
11077,1661,1470
2751,292,4028
33184,147,3047
6151,1229,2622
741,2170,2031
30503,8364,66
10076,2084,1700
789,1614,1893
996,2709,1290
10334,225,4670
2432,953,2682
32836,256,3119
1287,85,7076
2351,140,6046
34980,1,12663
21573,579,2381
37668,11,9807
3751,69,7872
719,1277,2366
36798,157,5018
33513,244,2208
2472,6634,597
31966,30,8399
10163,5732,386
30370,954,1467
35204,37,7119
18897,8902,78
22097,1397,1173
1108,529,3365
8310,605,1843
32245,1041,1095
33783,554,2324
1182,319,4073
31339,3797,290
11933,4519,446
3422,173,5894
29099,2,12003
32011,80,5340
6686,122,5678
4712,204,4805
3954,448,4242
28607,490,2499
1940,176,5563
15535,333,4841
36170,6,13290
967,887,1324
30196,69,6060
36996,4,8145
29129,197,3974
2117,371,4382
18815,4,10748
33654,695,1738
5883,35,5904
23447,1027,2260
33352,3162,157
14527,2583,965
165,2328,1046
13727,267,4338
31163,3376,428
32695,18,9659
3064,22,8748
32998,3612,270
8487,438,3810
1563,1115,2536
34088,177,4689
4618,1581,1883
37181,2,9129
20533,778,2096
2086,17,9363
902,3306,1255
5315,187,5061
15879,1724,1637
4015,2473,1604
15651,540,2347
22583,63,5412
10321,3375,652
5172,267,5045
34009,566,2149
30919,226,4620
2330,292,4112
484,401,4159
1493,154,5334
652,404,4183
21713,2,12653
31173,2780,602
1496,563,3936
16157,1876,882
32572,3,8397
992,568,3370
10263,143,6539
915,215,3806
782,293,3269
17909,2041,860
6945,1816,1894
3421,149,5477
32038,315,3016
7590,3023,924
69,200,4074
8438,280,4524
8538,20,7314
16395,680,3122
12113,3063,888
34136,531,1532
781,1479,1939
6900,13,8921
12565,2753,1337
24627,1475,1545
32772,4,4565
4591,68,6082
30567,519,3399
23943,14,7698
10870,159,3799
5226,182,3365
6975,19,7378
35458,51,6733
9047,2316,1692
33717,3,13153
36498,20,6550
2954,344,4682
1008,708,3307
29105,21,11051
1465,222,5314
12375,346,3148
1296,199,5611
34580,752,1607
393,2044,1634
1498,3173,1059
1491,189,2887
9520,4,10615
1996,495,4102
35828,522,1790
17497,23,7146
16936,222,5817
31706,1286,1424
18393,2308,1159
18115,6440,140
6691,106,6457
3332,4,6537
338,969,1664
30651,94,4791
28981,632,2830
28755,3377,484
30013,13,10195
29935,2,10092
11457,154,3723
5200,46,7225
2916,12,9413
3081,161,5534
5927,7,10052
33731,2952,465
11663,301,3754
1165,171,5725
4182,5053,860
199,19909,39
2116,1829,1600
21177,1302,1142
18767,1508,1265
19191,1007,2005
488,1912,1435
31051,1108,1797
1119,4333,1096
31319,14,6487
6694,218,5064
1525,985,2916
1187,610,3837
15609,1173,2220
32667,258,3908
11031,135,5683
706,354,4182
22943,15,10241
17082,1751,1451
34740,58,6773
4059,9531,389
1284,64,7976
1706,184,4522
30384,541,3117
36444,15,5601
27411,536,2098
31096,553,2879
3615,947,2219
33746,309,3733
11747,133,5548
1143,1153,2766
3931,567,3108
6028,41,8514
10490,3591,491
32802,92,5324
24835,195,5047
31665,1138,2279
36539,295,3405
32949,3738,281
1089,1021,2331
15227,688,1540
6219,104,5096
2462,151,6139
1836,1559,1792
4339,16,8625
2506,179,5916
25755,210,4299
1632,178,5720
25877,83,5714
19573,200,5493
421,331,4036
32886,28,7104
1175,55,6905
10370,227,3603
34963,55,5712
12411,242,4628
3419,549,3966
3051,137,6014
33788,159,3634
20557,66,5712
30364,209,2715
7377,331,5542
33280,20,3456
20267,220,4887
2390,413,3153
1915,1724,1766
3603,162,3040
2251,10022,87
655,244,4638
20545,1122,2238
10372,2032,1443
36914,146,4292
15021,104,7462
35385,1,13706
12291,3997,459
3363,342,2719
32026,312,4034
6331,43,8488
1685,864,3003
28171,9283,54
6748,409,4772
8619,383,4214
28805,3415,482
28725,2428,659
845,1638,1421
6444,2330,998
31704,4134,578
6169,248,4518
6862,4923,985
16524,5613,337
35145,655,1865
5644,97,6631
15291,205,4861
337,440,3910
450,3354,1278
2445,287,5433
29941,303,3800
230,808,2288
2366,3,9679
2554,111,5921
60,5777,485
25839,764,2052
8171,535,3371
35530,4,13855
6610,1953,1559
7436,27,8358
30014,687,1683
109,1936,1458
3593,719,3001
347,245,4717
33836,1375,865
33845,63,2793
1032,207,5049
863,1125,2283
2596,2179,910
67,3436,669
35635,21,7884
32829,326,3112
35814,96,4188
20033,1320,1911
1787,584,3846
31370,239,3788
4816,99,6095
15633,601,2549
36983,8,12894
10710,80,6895
1676,134,5788
35843,1145,1464
294,307,3868
2611,290,4503
21255,7,10176
1920,215,4890
8768,2861,1281
29998,132,4693
5772,1876,2078
22729,6498,181
1230,788,2558
582,206,4061
19115,376,3013
2904,18996,22
29910,2,9555
893,1564,1994
35788,3953,282
10116,29,7891
18177,624,3305
107,936,2244
11319,5938,301
4927,10,9377
30947,72,6845
21521,410,3397
13119,228,3298
608,284,5107
35082,25,3576
589,378,3186
2937,681,3428
17873,562,2864
35067,322,2179
23101,111,5728
225,9000,204
35502,1,13460
2105,298,3026
29855,17,4223
21995,6450,170
24893,1883,1058
27785,46,7936
2924,6176,436
535,2241,1596
30727,2027,678
559,354,4654
1847,1615,2755
4266,23,8195
16680,687,2898
33254,292,3244
7268,167,5247
32962,1815,647
3962,532,3644
522,2192,1417
9760,3112,773
37145,1,13902
10495,4536,380
13561,367,2918
6675,4439,511
258,587,3401
2331,118,5996
2759,8217,280
12115,2837,879
2779,84,7557
8475,725,2595
33003,1616,962
33241,617,2283
1214,451,3119
4549,248,4000
1489,323,4723
36096,7,12688
5904,50,8144
35720,33,5011
36833,87,4063
26213,1290,1509
7016,458,3815
34244,10,9216
35134,28,3622
1986,18,8878
2624,22,8145
1191,483,3952
1775,68,5328
34309,1,9565
2457,83,6983
8554,10,9471
30868,663,2149
13441,46,9245
16646,71,7040
14467,8196,121
37148,18,7782
284,270,3823
14967,7822,225
35224,102,4571
1738,535,3180
141,310,3946
19769,3023,592
16740,59,7516
30812,166,4956
12967,3385,635
86,731,2544
444,888,2848
11359,972,2415
2010,149,5952
4793,1942,2230
33524,1230,1810
28623,6513,131
21603,4932,256
1952,457,3484
36186,174,5577
3057,765,3260
20787,8278,92
25437,390,3115
13469,3761,969
34207,1,12866
2269,431,4032
7066,366,4357
452,3170,1357
34337,112,4903
34905,3,8201
18411,1290,1764
5717,1348,2259
32879,136,5756
12433,192,5726
8358,118,6105
1295,141,5911
19,4586,152
34792,155,3325
2248,3795,1467
1885,28,7694
31530,44,5604
1782,70,7204
34851,2,12669
3572,3586,791
31055,4,9006
2813,272,5365
34940,3,8489
8039,187,4800
4214,8415,269
14059,27,8577
19117,1774,1208
25457,102,6181
35203,2286,550
24123,44,7888
31324,726,2152
30016,1549,667
28883,963,1417
5670,446,3106
4151,1396,1727
378,204,5748
34864,14,10139
34966,450,2107
6509,59,7295
34721,7,11974
9506,135,6825
22135,2665,563
34628,1,13438
33314,86,4251
19489,2691,859
28791,1067,1422
9220,534,3971
12709,126,5076
33037,224,2987
22071,1126,2319
32402,2,10529
7110,615,3329
34321,1909,1190
35658,42,5049
28853,91,6536
18857,3976,936
4062,19,7743
9539,668,2077
35298,407,2047
2132,902,3171
4163,2131,1859
11266,3260,1050
12531,4828,390
1810,1000,2015
1947,20,7811
20159,4124,728
2061,88,7150
33763,2,11936
1412,1174,1595
2867,457,3688
36108,325,2405
10801,358,4322
2983,154,5497
1879,134,5343
7578,56,7302
287,1010,2053
20187,289,4768
4725,5156,470
32548,35,7348
34055,1434,1159
34016,24,4948
10572,1820,1385
3919,144,5878
26011,10,11724
5689,10,9254
81,1647,1668
2123,718,3116
2734,119,6148
7651,86,4758
34839,245,2553
32023,835,1406
36775,8,6297
10834,718,2378
12991,52,6761
448,2195,2018
837,1502,2391
4494,120,6536
2325,248,4986
3433,11,9901
348,627,3175
2730,215,4906
31754,683,2552
17205,479,3259
35883,147,4970
30015,6691,126
3972,1220,1268
35997,247,2349
2933,15,8181
3576,250,4217
3503,5291,521
10711,3327,722
715,163,5724
3089,1709,1814
866,857,3118
1060,920,2158
16385,1208,1632
37408,25,8592
2978,177,4602
1494,310,4458
2829,274,3751
9365,15,9131
2747,159,4322
1193,143,5415
48,3932,650
19799,489,3081
12917,45,6864
29017,142,5613
18849,803,2640
23781,175,4454
3270,448,3250
18277,5484,178
34403,2404,499
34052,26,7567
3075,33,8722
3858,109,7291
31368,731,2285
240,4571,700
22433,1067,1335
34439,15,2562
20473,791,2836
34636,1822,707
6033,3488,498
30420,8,10320
49,2004,1807
13357,3444,842
937,912,2707
31580,4204,240
33231,113,5073
8763,2,10784
1535,27459,1
1704,153,4840
27891,1960,1413
15197,2354,1030
16255,5,10314
10740,841,2657
30381,200,5002
33299,364,2471
852,145,3846
615,512,3487
6093,6,9375
31890,209,3857
8394,83,5246
1094,1368,2497
9930,886,3384
7739,1891,2037
5177,3801,831
33741,109,5688
23409,15,9241
151,449,2994
12579,120,5057
12477,3101,602
15591,510,3492
2873,771,3375
2744,497,3310
6918,764,2860
22817,234,3588
30654,5083,134
30989,3,9973
6979,831,2465
425,261,4978
25045,805,2483
11597,9019,146
35202,46,5653
840,533,3262
1133,758,2609
12001,325,3330
31519,521,2645
12965,13,8780
3653,1157,1966
32739,60,7407
536,1146,2804
2911,210,5122
23209,1151,1307
1123,227,4597
32461,30,7816
4063,6784,291
2278,78,7717
33983,443,2291
33201,483,3901
1543,1118,2246
854,697,2917
31389,1525,1661
540,1004,2752
1721,609,2990
1892,21,9173
9773,37,8719
33532,112,3914
33499,10,10639
4723,4,8497
13159,78,4366
7308,25,7818
29976,1012,1375
25943,123,4978
1158,86,6989
34176,2078,628
11239,521,3069
1682,613,3201
986,3150,1372
35191,63,3415
10687,553,3059
37566,1,12205
34449,179,2457
2465,19,7940
6251,69,7168
318,1001,2617
24855,548,2124
1188,63,7323
2737,13,9628
19585,1,11043
13141,224,4205
2150,586,3637
8960,17,8419
2823,93,7267
34533,237,3285
300,837,2784
738,721,1942
34368,465,2025
8532,1133,2498
3712,9134,250
1923,179,5594
1049,272,3913
12281,754,2548
16498,21120,2
750,328,4054
33042,27,9591
14317,395,4622
31771,1115,1333
33161,1918,1049
9062,3846,468
35000,291,3373
1153,207,4530
35988,141,3359
1245,266,4733
30901,1344,1147
29325,568,2119
2697,10,9005
32,9426,216
31647,7,10671
2458,230,5196
2018,123,6376
4162,164,6028
1041,550,3943
8442,3,9581
1949,215,6350
23897,3,8781
3276,10,9924
22547,1820,943
1894,2724,1615
8235,48,7950
6217,100,6654
2016,211,5116
1766,90,7308
15793,880,1975
66,6299,369
5688,19,6863
3807,30,7481
1210,9573,132
1484,236,4825
10298,2257,1506
9310,172,5112
16914,188,4840
28701,6785,169
7108,197,5459
23375,7,7983
25965,14,10358
2383,150,5023
3006,31,6853
17777,2490,889
1100,73,6479
34208,58,4889
7969,195,4774
29603,1,10908
13333,2795,874
9735,660,2673
1724,42,5123
2705,274,4607
27737,24,6543
36969,6,13486
6171,1546,1441
36275,321,3294
36501,149,4856
1860,1667,1496
31789,125,4402
4981,2122,865
5252,1535,2268
402,59,7899
8211,617,3484
8214,22,9772
71,9993,187
3449,544,4042
22465,2,9918
2093,4,10581
485,465,3873
28497,5785,186
17919,543,2376
3734,62,7400
32089,3,10973
34933,4131,253
8993,19,9589
29067,3399,801
391,921,2786
2102,92,7114
3349,469,3114
204,1075,2576
36097,3,13273
1561,236,4371
554,800,2824
19751,1,12637
33546,40,7151
25835,3078,325
10481,11,10208
16444,2323,1403
8440,1785,1758
17641,3211,912
12145,28,8622
1528,54,8108
1486,725,1948
32981,628,1266
10045,2,10837
35575,2,13186
12413,4182,418
1350,261,4016
3359,1839,1611
2555,88,6721
12123,331,4451
8536,3232,996
1356,406,3017
32397,15,8119
513,7322,364
10464,1593,1548
2254,25,6559
31978,14,8811
10178,405,3224
5646,46,8155
1968,310,4278
1521,424,4103
33417,608,1954
7646,3,10348
6634,1827,1533
35516,1,9583
31147,847,1357
36915,340,3229
3538,118,6276
34716,10,11885
31137,56,7233
21067,859,2412
5968,104,5969
13939,2735,1078
637,888,3235
6361,1373,2431
32571,37,6732
36162,28,7339
11001,388,3251
8915,2963,855
24011,687,1837
3182,30,7893
28495,117,4144
3588,14239,23
24765,3843,352
187,2329,1310
1639,2828,1057
14511,1315,1827
186,2516,1136
31629,1032,1032
5865,76,7601
23283,9152,76
3900,6,8907
33019,334,2401
413,1966,1949
11879,667,2713
31521,183,4817
1505,1062,2276
19023,939,1863
14833,5199,315
5018,6,10275
1794,118,6340
6178,1816,1802
21765,3,11938
31710,1468,792
6971,13,8369
2357,173,5679
2468,76,6970
9330,3892,732
349,115,5613
13311,33,10136
37672,60,7274
35248,386,2027
33366,12,10177
873,1937,1391
13663,4276,405
6091,1,11146
13139,171,4586
10999,171,4329
4242,4,9364
24687,1600,1548
766,385,4113
550,4240,732
30549,226,3811
31737,3012,460
34734,90,6564
1667,21,8207
6811,3323,626
2594,1129,1908
464,2556,1586
2815,78,8164
33998,1,13022
2427,105,6191
35346,124,6150
2152,214,3788
592,42,7768
32851,5,12735
7058,1666,1243
2367,656,2571
1951,433,3135
5005,354,3037
1542,166,4485
32065,24,8976
10847,6,9794
34480,1228,1376
4492,88,6760
21103,228,4997
30870,102,3213
31652,109,5567
3131,13,9920
1455,304,4989
32262,2129,536
392,5687,246
27539,22,8834
8086,4131,448
644,1485,2455
30524,646,2468
21541,615,2618
13335,513,2826
26013,9,11757
33350,87,3916
5667,3978,862
32866,632,1951
5132,124,6658
20709,1690,927
2020,1361,2592
25303,1416,1652
544,272,4281
10779,583,2115
822,944,2567
33993,91,6000
682,425,3586
36756,21,8618
30039,29,6675
1802,228,4747
499,405,3775
23281,6110,180
4697,55,8198
7364,17,8373
36942,9,8682
35971,25,8475
2151,223,5708
6721,109,6886
34849,8,12671
25879,3087,674
30806,1234,1163
4075,88,6957
8312,96,7481
18191,2,11335
3537,419,3959
21075,216,4422
34394,53,5913
11977,3490,748
24277,1853,1140
19315,3078,809
4155,4326,755
36215,247,4090
34502,7,9890
4600,278,4069
1118,5518,927
570,2604,994
36102,8,13093
4855,24,8524
1929,302,3802
31109,691,1398
10736,54,7942
24075,1094,1520
28869,93,5589
226,20986,16
32801,1374,1294
36574,4,13146
5155,236,3696
5391,1879,1821
1555,1159,2194
5279,2118,1838
22123,1604,1584
18507,7177,151
4485,3,8468
3508,763,2480
32447,459,2226
5267,25,7668
9355,1492,1998
1317,319,4429
24169,143,5573
10737,719,3087
112,282,4462
21855,4129,398
10444,464,2983
1280,309,4126
150,6234,277
2131,4392,1033
7645,402,2945
2148,1727,2017
1592,491,2919
891,1760,1961
33818,359,3684
10479,246,3256
12483,20,8826
848,120,6635
34428,341,2346
1840,10445,206
35519,1,12794
23013,1,11649
30276,14887,5
31788,105,4744
9904,97,5772
25975,21,11179
1520,275,2715
22687,2584,640
5477,3,10752
327,326,3762
322,3923,822
15037,4235,424
11355,568,2933
1171,899,3030
231,181,4703
22877,3489,420
36799,8,12239
4555,125,6155
1279,283,4284
30714,763,1902
31608,149,5780
1842,1598,1824
21707,17,8042
36840,155,2994
6572,2702,1302
1852,1356,1504
32563,14,9394
18245,2455,642
5494,72,5579
10397,3023,873
31297,1985,951
10694,306,3766
10294,1482,1672
1620,50,7876
21167,1085,1627
1001,92,7482
3174,1014,3294
31866,19,6158
33491,53,5540
1577,422,3520
24365,985,2689
12753,963,1912
1671,52,7610
12293,5041,361
23871,49,7228
1400,336,4472
1566,2353,1187
32887,1954,524
5152,1875,2068
29814,5,12639
30346,1264,1242
25669,42,7183
914,259,3680
25971,11,10921
6198,412,3951
25649,1244,1370
3014,839,2661
1246,232,4109
580,284,4907
429,624,3604
6951,1205,2339
9774,450,4193
6787,347,3865
10417,1537,1929
691,115,3827
33502,2417,532
15391,630,3121
9969,3961,342
17341,617,3582
33697,147,5954
5462,372,4473
30453,3,10550
34148,857,1955
9837,11,8914
9130,1076,1819
7158,24,8917
32995,4553,238
8765,9,8683
35540,482,1895
2044,145,4307
20899,4193,321
62,2109,1405
1519,8686,264
5300,4980,558
1824,723,2479
388,368,3307
7711,4546,613
31326,841,1952
449,2903,1383
7334,479,2850
9095,12,9962
7088,7629,245
859,1761,1503
106,974,1936
31483,977,1956
2572,95,6962
4051,14,7960
30290,39,4728
18713,773,2724
5859,215,5360
13349,449,2744
27997,18,8696
6383,10,8558
30123,4190,269
32382,37,7802
30738,4,10545
14735,600,2770
25313,768,2688
5593,2530,1543
32717,57,3866
34012,1480,938
33899,5,3338
33713,126,6045
34402,161,4134
33668,349,2763
11135,852,1812
2008,37,8137
479,2081,1110
3375,1963,1878
10884,900,2306
8764,3,11236
20021,5341,486
61,5353,582
1244,46,7899
36018,4,10116
31593,63,4460
1477,171,5454
2204,176,4157
35905,879,1318
17739,318,4107
34289,215,3107
833,368,3769
35111,53,3720
9970,250,4488
5306,820,2420
33394,91,5050
10815,2,10979
1456,89,6092
1,13026,38
35241,849,1334
1742,46,7071
32446,66,8116
9756,13788,50
6919,775,2800
10109,646,2813
7017,2524,1729
11203,1,11924
7014,195,4527
31815,476,3071
2552,20,7337
2950,579,3147
2567,81,8156
18557,7,10073
4901,4110,595
1215,873,2886
437,5392,433
32388,4,12843
2130,1496,1462
10620,16173,12
252,847,2134
27521,4,11027
6425,765,2973
31050,184,4435
5074,1251,1928
16099,1431,1314
25777,8828,46
8888,3628,756
6988,87,7260
3641,353,4569
24727,289,3196
33363,40,7068
6087,18,9313
24975,48,8035
4798,709,3422
32228,408,3744
6413,45,8533
36517,172,2926
18661,1386,1429
5581,5,11141
2608,380,3125
22535,10615,42
24973,143,3711
32943,6,10709
1249,267,4045
1164,594,3091
6467,996,2195
2113,231,4456
4054,16,9825
10764,118,5928
2881,30,7746
3681,83,7105
356,13227,82
6658,8,9744
4037,921,2387
442,7771,548
24997,1594,1269
376,7596,608
30991,1146,1818
2225,746,2958
9712,1473,1603
4081,6145,229
1588,754,2687
666,881,1892
3582,91,7126
3167,3892,705
36288,8,6202
31202,7,10148
14277,598,3067
8937,6453,294
6909,72,7561
8097,134,5552
37175,28,5687
9716,140,5320
486,2944,560
10501,306,5282
13839,267,4407
4782,5,9818
8,392,3495
2092,9,9622
9041,8558,167
9617,4793,534
521,1193,1754
31454,42,7865
305,104,6351
30831,9385,58
14875,326,4051
3505,13,8196
27441,828,1637
426,511,3445
2729,256,5673
8078,600,3550
12455,172,4939
35347,81,6039
9883,30,6026
28305,10,11335
11807,91,5555
1817,1448,2648
35823,1109,1874
32383,121,5141
2582,204,3376
677,53,7162
710,3927,1026
22189,830,2022
12367,990,2055
2795,1682,1452
23199,5709,263
5029,628,3352
5681,9247,212
34376,142,4264
20075,2,11931
5760,14,6833
32607,1161,1194
964,211,5176
32686,2694,451
2290,408,4643
33446,124,4491
118,340,4386
2397,2433,1613
10628,284,4351
2494,3204,1122
24171,155,4949
21701,21,8798
2891,635,3202
29832,1,12471
52,1753,1663
796,51,7792
7876,21,9698
3127,92,6511
33934,254,4143
1981,164,5272
279,616,2390
32542,4574,218
1145,126,4174
577,202,4440
1302,203,4800
35114,177,3559
533,216,4595
2433,305,4701
10851,450,2538
904,3122,1265
35923,74,6323
974,1998,1508
23279,200,2311
37143,3,12233
32682,381,3252
31783,762,1873
25117,65,4706
1890,711,3722
32152,7,3469
15127,63,6893
31493,10,10483
3513,15,9504
6555,255,5085
2277,78,6607
3785,4563,451
19021,1414,1617
6901,32,7325
195,5292,732
15735,263,3985
25429,1754,955
3512,132,6477
35608,37,1644
14539,218,4226
23399,373,3548
16239,1150,2201
3600,28,7794
32832,3,8306
3231,1446,1655
10622,954,2540
22215,19,7313
1657,255,3834
31327,1080,1461
4596,1032,2214
518,81,5839
6351,7791,483
7728,696,2737
3088,1014,2787
31790,738,1622
23151,241,3400
8476,2508,1078
400,2746,904
5978,1813,2373
1988,273,3981
32438,2949,539
6674,11,9694
21215,17,8831
660,119,6237
16355,1994,1101
12815,495,1405
15323,1305,1974
8848,5,10729
15537,261,3627
2067,157,5964
2580,572,3837
4703,113,6116
969,3793,946
33770,26,9235
6746,14620,30
8654,153,4756
30686,83,6565
1485,263,3507
5075,23,7301
28155,572,2310
3228,3321,974
3447,432,3662
31997,98,5299
6166,3427,706
5151,8,9422
874,4518,725
3210,1636,2128
1865,185,4697
1129,186,6123
10092,2182,1673
13231,98,4755
4923,24,8063
11665,3499,633
6855,13,9632
27833,3274,429
2189,57,7198
29087,3,6762
5337,707,2451
6261,1,11014
5216,694,3351
5460,1071,2137
1013,852,1791
17947,104,4046
959,162,4518
15959,473,3068
25981,2,13056
6884,1806,1728
32379,2418,544
1626,107,6086
2402,286,2154
7902,1367,1829
35526,4,13133
8361,62,7304
36804,1,13953
18055,1148,1736
10379,3857,596
468,4176,805
29916,87,5702
5440,15,7832
16417,3993,452
2060,143,5521
36144,416,1782
32093,2906,478
6008,85,4666
32268,1818,919
13619,157,5134
457,6609,115
1398,360,3902
15347,29,8943
33371,348,2595
10187,1143,1985
309,103,5378
8561,1,11095
3594,1842,1378
897,3360,1244
33988,3312,436
15775,1355,1599
1237,1167,2674
21405,5129,346
20871,226,4380
1740,10,8636
20999,15,9478
2615,773,3678
8857,2386,1585
36032,119,5837
33032,636,2754
20951,45,8617
34036,178,3629
5529,385,4171
2835,27,5672
19647,2247,845
3901,5585,718
3245,50,7431
12769,12,9515
3455,7924,186
3596,19,9488
27991,2751,477
31675,108,4700
579,1094,2325
23037,474,2559
30413,472,3004
1869,993,3301
4000,77,7518
16528,2283,1139
344,244,4274
23,94,6186
6007,4708,852
3568,60,6757
35504,1,12252
23251,2446,753
31376,2654,572
3879,7,10279
31043,11598,40
1352,389,3370
33681,94,5068
36198,414,2088
12039,2,10312
15749,2,9390
17389,946,1621
17513,2946,540
15109,1475,1264
24471,243,3683
23587,1133,1610
879,653,2130
8409,11,9151
10201,94,7087
22683,7,11991
22145,3267,447
29095,3535,434
11633,7423,164
26007,5,12676
28619,1655,1017
19951,1535,1438
2741,7,10192
12317,1561,1490
30925,875,2773
12487,1650,1393
13843,113,4554
7079,2295,1390
3854,33,7397
8655,153,5383
25635,75,5793
2725,406,4300
201,797,2879
6633,1296,1869
1348,242,4541
5072,362,4208
4884,2584,941
36796,40,4930
5051,98,6854
33047,676,1093
34948,21,8702
31757,2581,612
1922,192,5474
26441,2197,876
1684,55,7123
2749,19,9271
6390,36,8824
5307,566,2706
2140,175,5633
4491,242,5069
35072,169,4458
7664,32,9349
35466,1266,1068
181,2116,1749
32222,9,9458
14921,2284,1032
3220,284,3504
1568,1530,1790
591,2360,1425
20457,2223,970
33520,67,3150
10297,194,5187
2294,381,3894
24637,15,9625
1338,137,5427
3456,1710,2460
8348,855,2979
12029,1006,1282
6594,5003,228
35673,98,5425
29758,2073,556
245,8709,146
22835,1613,1293
36148,18,8182
2371,170,5801
30679,105,4559
25113,56,8109
10114,6,9985
913,88,5364
36095,4,13355
9563,485,3661
1554,803,2730
2971,766,2904
1959,22,8224
36572,1,14040
1179,98,5307
10796,219,5757
24133,2806,535
2414,89,6810
1583,339,3263
25267,18,9871
1207,100,6284
18655,199,4043
26057,701,2529
9523,152,6456
541,737,3158
35159,319,3494
9794,13,9442
16982,936,2141
11715,296,4687
10690,131,5132
3941,131,5838
29785,2608,654
2309,161,6554
33926,1819,577
19919,100,4035
31361,1,11241
21781,343,3841
30311,262,2753
35416,3,7746
12499,40,8012
667,1695,1881
1451,183,6222
2417,759,3609
6714,575,3326
10459,6,9199
875,1230,1718
4803,39,8303
1079,692,2759
36962,20,2473
5600,13,10095
291,1232,2294
7774,296,4510
34106,241,3286
18377,1,12364
7662,3059,919
2604,689,2739
16442,114,6329
31865,132,4504
32526,1787,984
23931,26,7650
296,455,2927
10581,180,5197
33606,380,3752
28309,230,4218
2313,350,4756
30533,230,4493
567,1503,1394
7598,697,3194
30803,1,10895
12723,21,8775
35603,143,5363
11179,4256,699
6117,54,4866
17157,1305,2173
7,2449,1104
1537,32,8207
2562,732,2440
3559,274,3669
28673,29,5513
10029,2277,1170
30741,97,5394
1050,798,1516
8829,6,10408
22537,914,2372
31234,715,2118
8598,6,9205
8550,34,8965
19285,3098,1285
33434,11,7802
2045,20,9046
16870,3747,520
18619,880,2438
15307,159,6150
33013,88,3308
4106,2854,1002
31245,1440,1115
30885,2004,839
34978,234,4305
12149,1245,1656
864,444,3926
21851,70,5977
9435,280,3980
20785,6829,102
15451,7687,122
16728,3,10560
20243,1,11896
397,734,2972
1581,1122,2364
15783,86,6426
56,458,3221
8230,592,3781
29715,4,6626
9177,3,9862
2549,46,6404
1965,3309,1040
10507,558,2157
9568,54,7005
18063,6,9782
1074,3184,1485
2292,54,7335
1546,1768,1401
2154,1767,1342
23121,978,1550
511,142,5341
53,3082,1064
35806,324,3320
31658,1185,1129
6164,1585,1427
33193,1,10657
17871,196,5529
10165,5488,136
26163,2,11946
30313,2,11698
36166,19,6890
9154,16,8422
34964,879,1221
25719,436,4120
7915,13,9388
32034,24,8454
9201,1808,1581
5246,19,8913
14045,936,2500
34125,212,3652
292,612,3084
31237,1,12488
3874,43,7838
8246,4068,767
8525,10179,143
1487,1125,2767
3935,20,8465
2505,243,5277
1795,101,6495
3460,33,8537
17187,1268,1747
21105,2702,721
98,3528,986
32084,37,6305
34738,103,6871
9905,4,10342
34511,1,12616
31373,5,9050
7472,2644,1138
36424,46,5274
51,2491,1794
15005,577,2645
3816,39,8842
4719,1861,1313
8217,98,4691
4060,98,6341
25801,86,4578
2252,135,3500
950,709,3676
5027,109,5682
912,58,5887
7769,5751,422
32059,4,10737
198,2080,1073
16668,3217,741
3574,825,2634
31518,92,5884
430,10004,327
30953,117,4194
3033,863,2920
36027,1389,835
33130,1,9153
3352,1632,2131
32898,24,8725
35459,1216,1383
10213,3853,496
35465,15,8735
1040,41,6766
33142,856,2066
975,569,2943
22759,673,2907
10342,30,8506
1389,181,5722
311,116,4646
6733,31,8258
32870,234,3464
569,699,2295
1240,1605,2197
34453,120,5309
3213,13,7962
21327,4368,411
3125,73,5264
31885,67,5664
21775,58,7793
2828,170,4444
34529,67,6276
21497,189,5120
1252,167,5077
3736,58,7225
28835,67,6250
20517,922,1969
3147,36,9122
34076,717,1977
33997,29,7038
5535,8,9916
19211,1368,2116
4454,569,3694
17897,68,8099
31793,588,2834
21641,43,8065
24037,1538,1446
12431,1270,881
228,5380,334
28391,1588,895
1617,54,6825
6941,335,4754
8685,2,11739
495,430,3282
8634,1796,1770
35086,5,4272
16592,8548,107
234,105,6147
10391,305,4254
10431,1055,2564
24629,1128,1420
10863,7966,328
25907,568,2502
11483,252,4933
358,1019,2641
3637,5,9717
14663,505,3616
694,972,2560
22293,14,10747
34927,1,8349
18671,6581,211
2015,111,7103
1453,563,2077
28861,442,3656
8460,4492,562
10513,97,6882
2009,42,7891
1580,44,8129
33075,685,2289
1593,1677,2424
11255,379,3531
32313,490,2475
2686,43,7327
19953,327,3921
33949,466,3109
581,413,4271
1311,2307,2034
35727,92,5746
12157,168,4837
2826,77,7779
6548,1599,2524
14237,743,2171
8422,1156,2210
2820,60,7878
30375,561,2156
3488,85,5738
9525,16,9954
443,2658,1902
12021,478,2985
3268,689,3413
9479,2289,949
3758,19,9997
12715,42,7574
3802,146,6434
16762,5628,401
32105,1500,331
31645,934,2097
31283,363,3864
28479,431,3094
5277,4447,565
1387,360,4125
34872,1,12381
2057,101,7082
4138,137,7116
9797,3,10591
31080,966,1606
3032,748,3087
11385,355,3055
10357,2228,723
4014,17,9048
14347,538,3691
1792,204,4087
34962,500,2567
1298,172,5959
15687,3280,1087
32086,1217,1485
11065,221,4655
1443,125,5671
10589,3563,854
3691,9,9330
34504,254,2768
1155,54,7794
206,668,2727
35815,159,3916
1297,167,5845
1262,392,4047
23277,4848,261
32321,44,6648
37047,12,5157
3389,1391,2511
9798,107,6147
2724,548,3660
27387,935,1847
28677,5860,190
2508,3266,1297
341,1578,1760
28105,481,2995
1103,339,3595
1386,192,5492
1270,355,4152
297,1935,1719
401,2970,1400
3001,1780,1500
3279,9,10044
17741,2005,978
21829,350,3513
30778,805,1311
264,2747,1262
6877,403,3906
9588,112,5625
3435,16,9021
5983,196,4952
156,2257,1374
9996,116,3085
34204,147,3885
27967,368,3597
3193,68,6773
3626,285,4049
10525,12,9858
13203,844,2030
15119,1483,1116
5485,225,3715
2157,137,5183
33203,805,1489
1517,353,3816
17813,517,4162
121,18422,21
5630,9733,156
37180,1,14152
2963,4511,677
2903,106,4432
4970,2647,1325
26453,62,5449
2066,28,8489
10224,4,9950
10360,5,10618
17875,959,2365
8353,4,10358
740,3880,964
12505,1048,2562
35158,4,11302
29831,123,4897
16241,1015,2309
1492,221,3923
34177,490,2083
507,1654,2397
30445,41,7636
9736,3030,925
1618,74,5898
35007,1,12887
34295,205,4548
31240,9832,36
33846,12,9247
200,518,2814
25397,4318,265
9121,134,6708
31846,51,8021
24151,2028,1257
32881,154,3181
17209,10,11196
12689,26,8592
32892,1,11606
586,1329,1714
34290,66,4968
31785,18,7217
10703,351,4115
2466,27,8954
1324,288,4342
1113,139,6589
5356,4361,550
5234,1,10029
4720,1664,1180
30948,599,2375
77,2273,1574
2032,209,4379
32174,148,4988
15863,1081,1731
6899,44,7977
20045,1215,1940
9890,799,2906
10578,3419,671
31911,46,7499
743,1494,1914
3915,35,7919
10697,166,4892
2076,102,3344
6553,934,2557
35315,231,3755
7561,137,6442
626,236,4585
22101,3094,564
34552,41,6386
1619,1019,3014
17505,1195,1479
6381,2075,1347
12611,359,2769
14719,5470,166
1856,350,4883
14345,10107,94
5228,644,2940
340,509,2929
5147,92,6409
30514,975,2348
32698,829,1806
461,2605,1662
2089,49,5899
599,128,5942
29854,2040,675
10349,15,9786
216,119,6794
5420,724,1544
36428,2,9854
1369,675,3361
32158,11,9753
3305,50,7174
3821,148,7052
5,6492,438
36124,756,1515
1227,36,7478
2087,36,7454
4689,163,6605
34389,458,2615
3102,426,3867
5713,1364,2426
10808,536,2603
7041,298,3945
17849,395,4129
34096,1762,934
1174,648,3146
2135,711,3480
36223,27,7461
6024,555,2701
3763,17,9381
34494,951,1011
79,6395,395
36727,1,13489
33173,123,5218
8063,1758,1675
4240,11,7952
4080,659,2490
31049,68,4491
2612,74,7947
754,39,6231
36577,10,10557
2001,15236,24
2814,47,9081
1606,2259,1118
919,326,3763
368,1936,1811
35757,303,2368
11813,725,2008
35909,6,9319
17917,41,6405
1541,152,4417
22147,6488,194
9393,141,5826
31452,750,1512
12745,30,8385
12117,706,2626
9979,159,5631
163,260,4836
896,3825,1132
7647,5848,356
34836,10,7885
34540,396,3444
22099,22,6678
5040,3012,743
1250,2540,1133
537,855,3523
32467,138,5833
30344,738,2448
27653,23,8366
4358,468,3545
3281,26,7976
23777,663,1703
4107,3406,914
3298,1189,2153
2429,67,7441
10338,211,4623
12053,873,2317
22673,667,2120
1614,1144,2243
10189,536,3245
1137,543,3588
3299,3084,1119
10739,1178,2396
12017,440,2843
36308,537,3189
36571,1,12451
1019,537,3051
2361,178,5629
31772,2551,681
33730,208,3798
29035,185,4921
16474,157,4906
634,1553,1453
11033,672,3817
36103,5,13741
33728,349,3005
7106,3,9845
10793,11273,49
17753,4,10745
1599,147,5730
21635,897,2369
3120,93,6863
19121,6,10887
2510,26,7869
2101,3,10756
4481,67,7355
8423,78,6338
345,803,2078
34822,2554,474
15699,2858,786
20843,219,4483
21469,332,3636
3577,757,2436
32015,437,2216
34451,1864,546
2993,11307,130
3176,10,8465
2106,150,4099
28595,4,9834
6060,6,10273
34100,444,2115
19297,126,6522
33720,63,5987
4835,6427,575
553,1728,1800
11705,317,4157
2695,231,4634
3312,382,3560
15377,1662,1251
1162,99,6676
32953,253,5155
33222,1057,1820
27,4317,638
1888,984,2908
834,4664,1024
3936,28,8876
31424,36,8100
12481,27,8519
32094,798,1492
33421,857,1323
15743,7,10034
10209,3577,931
35567,78,5673
1314,31,7933
2161,558,2669
482,2689,844
23237,821,2126
34541,379,2489
7708,124,4579
1941,209,4155
35070,4,10082
27655,4601,379
31988,2045,890
916,1561,1945
2967,188,5410
6203,1375,1698
2136,587,3801
9353,205,5024
13495,90,8287
4192,3027,1045
37045,32,4842
26015,10,11289
30746,370,3698
36135,3,7925
8249,105,6775
3668,172,4258
985,3010,1420
32188,2094,982
36038,3342,413
4052,521,3439
289,684,3132
2955,359,4513
1325,90,5173
3248,93,6695
18179,2698,670
35321,53,3565
8963,24,9139
31733,767,2313
21659,3232,774
6372,5140,716
23259,388,2686
16518,1453,1578
33025,64,5448
183,373,3749
21797,1441,1713
19619,27,8677
2973,130,6242
15379,4414,458
3322,931,2323
155,1561,2298
31403,63,6705
1148,112,5075
30449,3,10692
2471,509,2666
1198,738,3053
1821,149,5507
1576,763,2072
1093,8,8730
17787,40,8304
17731,273,4130
1829,3295,1125
16397,1901,1218
34547,464,1784
2451,192,3721
255,430,3993
12795,3,9683
31904,2122,689
13587,1609,2047
30911,2731,439
7619,24,7588
15453,144,6063
6275,347,4276
30896,101,5794
28979,2087,735
33308,31,7866
3053,339,4549
3290,8,9333
34745,212,2723
11799,39,8833
12673,1491,2246
3760,30,8783
886,1879,1834
405,4312,1070
20365,667,3092
19511,716,2600
19109,847,2436
3009,220,4715
6959,202,5517
2263,586,3740
4156,745,3578
1224,310,3637
9100,58,7314
21495,160,4326
6114,3501,384
8450,10,8707
788,1157,2722
5539,132,5731
23293,326,3561
20849,357,3712
16782,7746,191
2754,47,7393
8216,9,8561
22297,7886,108
4744,4542,789
30740,1117,1454
2028,8,10400
36827,14,8925
32566,551,2637
26243,8006,83
1689,14019,96
16049,4045,442
11553,3960,933
35714,299,3874
1764,583,3628
1208,109,6428
1121,2974,1477
33181,51,4250
11615,637,3679
3887,668,3758
9426,1,11267
1163,148,4202
18499,412,2798
4607,203,5103
31101,72,5906
415,877,2590
36991,16,9020
3222,140,5599
3371,312,3454
1204,230,4713
9706,185,4442
1092,711,3083
35062,2529,174
4195,1402,2416
127,623,2938
31967,32,7090
31156,337,3244
9332,1080,2084
14293,1807,1360
24681,1,11982
2080,17,9265
3859,206,3220
30363,2649,507
909,450,3701
6119,6,8015
37172,12,6200
707,184,6024
2103,79,7336
4866,1720,1902
7768,938,1983
1896,665,3490
14827,531,2683
13517,232,3785
10389,1173,1699
6377,1968,1222
36894,2,10694
5753,173,5549
600,410,3961
14513,8667,91
2952,4207,921
33391,31,7609
24417,4,9402
1042,510,4083
25967,5,10597
3035,23,7642
7580,1116,1978
2391,210,4640
19873,2,12258
4028,1095,2249
33122,2,11720
34474,101,3853
31098,1393,1206
8876,2506,1188
33035,200,4294
34602,97,3915
16706,5171,399
2382,8,8678
2962,1527,2044
5774,1443,2104
189,7328,425
15097,349,3345
1441,279,3574
878,712,2382
330,4854,801
34300,511,1983
3835,19,7718
16247,8,10112
2412,177,5922
31680,1208,1344
11693,8,10890
2785,23,8256
14811,2613,782
29,255,3432
4177,2900,905
11703,4117,437
25915,7,9518
12393,7,10337
32697,281,3252
9441,782,2371
2825,178,5617
2215,168,4828
1029,1886,1414
31223,837,1685
9289,4571,387
34257,225,3658
30137,753,2385
33739,1,12951
8961,143,6288
5081,14214,44
33948,709,1558
31853,289,3748
29093,3168,804
36492,82,5660
14247,30,9273
13835,309,5576
16934,3928,872
3166,918,2467
34787,15,6277
31478,4819,160
2982,237,5188
2593,7778,309
33091,1409,1414
2422,44,7640
1936,16,8469
23273,10000,37
13993,42,6717
24029,168,4420
1002,1580,1553
31848,1260,1733
32051,548,3022
36043,1544,1723
33026,38,5700
8740,2092,1647
1253,1174,2232
645,865,2943
8133,175,5463
1607,896,2459
28907,6969,137
487,2749,1227
10470,938,2342
5928,3,10656
31056,455,2875
435,1694,1757
5953,42,8053
18039,904,2781
243,3578,1047
28915,16,8981
5034,2131,1435
32415,135,4634
11339,763,2937
30437,842,2363
1300,82,6360
900,3316,1223
33323,499,2697
9608,577,3466
9917,904,2458
36956,42,7537
34324,79,7455
16694,2104,1551
28825,4682,247
6964,291,4561
21409,142,5864
20431,1459,1128
13535,4268,537
30385,1070,1197
262,407,4233
19613,369,3353
25661,4,11294
7667,31,8815
33392,419,2859
12637,621,3848
21039,1100,1501
7135,388,3199
21663,54,8876
4789,3817,697
7262,111,5643
7059,7658,574
31560,419,3667
34086,1467,1016
36569,17,6342
2753,118,4662
29837,2,10413
159,469,3206
3652,4806,734
31621,1042,2069
11841,9,9194
15951,453,3571
12685,1979,1642
17811,269,6156
30649,25,7296
34662,1975,461
10191,677,2474
16910,1068,2087
1962,23,8278
2405,84,6622
12049,3346,803
3444,20,8130
6065,11,10461
1185,133,5543
11079,1724,1168
2512,579,3616
34719,4,13694
949,1902,1185
474,1147,2194
4794,582,3750
1779,130,5989
33034,265,3508
343,1636,1475
9793,473,3459
29101,1247,1796
25519,1523,966
24227,2316,976
35770,53,5102
4705,1602,2336
2049,53,7772
632,315,4795
636,317,4131
3318,1285,2475
16347,75,7774
142,1380,1885
3614,429,3328
3820,194,6896
6030,2975,837
16662,2941,752
34973,782,1648
3394,130,6504
3060,101,5528
33221,232,4065
3676,10,8546
25491,17,10087
369,1272,1380
16436,516,3892
6209,212,5046
1690,1981,869
10549,105,6730
3101,86,4854
1472,323,3871
380,976,2928
15059,1121,1614
32267,140,5462
32151,74,6054
33964,640,3042
63,4514,820
17491,230,4482
11017,17,8043
25599,5,12739
2706,168,5814
32828,2791,541
271,252,3726
31964,11359,27
6794,327,4234
5675,1080,1943
13851,1775,1096
2799,164,5759
31851,67,5759
14829,3108,579
7053,573,3185
13731,315,4212
14893,1642,1741
2062,79,7300
5032,185,4781
4382,9735,202
28207,112,5991
30289,7,10733
10715,1039,2444
34519,9,10099
8287,75,6075
27629,161,4516
31919,20,8470
4282,5487,594
6068,63,7278
14189,2146,1566
32215,1168,1540
34776,44,5561
1115,133,6610
28283,302,2957
884,827,3096
33572,64,4378
33338,868,2205
11445,30,8350
10418,3771,906
31859,5610,163
2209,132,6458
4355,110,6964
32274,56,7144
14753,830,1794
1410,300,4053
9000,1255,1881
31128,454,3824
20767,3955,517
27619,88,5022
9790,2889,953
30915,894,2517
8134,60,6860
5397,230,5691
3841,1224,1688
27663,1356,1495
9988,446,3368
32930,737,1841
6980,272,3476
3085,1050,2968
9465,2354,1605
22541,4,11057
783,120,5601
9731,889,3536
664,1640,2141
23317,1885,808
31439,646,2357
35286,109,3938
34284,374,2564
2623,270,3441
11889,801,2966
4983,332,3357
35838,1441,757
9202,803,2812
36160,13,6859
8812,9,8270
13117,305,2922
32664,840,1945
961,179,4829
34030,72,6228
34156,3,10433
31280,227,3337
3514,4,9421
36180,6,13596
20177,3,10936
395,4614,817
24847,36,8986
870,789,3222
244,102,4944
2614,24,8302
13303,8,8152
10015,549,2038
35880,20,6286
21325,611,3074
34615,24,8262
36327,106,4308
30365,809,1976
9982,3244,818
2099,124,6189
24175,524,2760
21507,2408,717
23847,7082,150
29085,93,5426
2862,154,6126
8840,254,5903
20931,2069,1317
4732,119,5878
4087,2087,841
16512,3183,681
2602,1400,2143
13667,3875,664
34393,277,3295
4872,2121,1612
36716,9,13320
32684,65,7164
1927,78,7585
8316,14,9757
2079,28,8508
34754,6,7955
6438,564,3360
72,8351,365
10827,257,4087
25987,2,11390
20047,2861,567
25537,702,853
33242,199,3341
34375,173,4258
16700,1446,1738
6948,1526,1934
25517,1059,1330
17791,305,5661
5962,622,2481
34798,1461,777
10161,5260,330
23305,113,5502
34723,287,4280
33023,514,1536
962,1389,1567
6162,588,3378
8861,6604,297
6880,12941,53
3672,14,9060
6625,10,9532
14283,1531,1487
32902,2574,536
4094,1239,2717
18227,2,10378
4186,3763,636
7740,397,3887
8985,531,3280
13183,432,3138
37272,8,4902
1631,548,3695
29876,194,3228
381,877,3059
7597,255,5602
612,180,4995
32895,68,5508
476,1453,1923
1771,52,7762
24405,1190,533
17601,1,11918
1642,502,2613
34414,856,1563
23385,2071,1341
34103,1688,1216
3403,240,5444
18845,9,9465
3656,1158,1709
13659,7511,266
32511,44,6547
21185,1971,1007
2065,57,7905
8624,688,2190
33456,157,3798
483,448,2577
31463,1,11611
182,3335,874
2994,4155,784
274,1350,1947
6401,914,3035
3297,1357,1158
21863,3883,533
1796,203,5147
2201,2082,1686
12863,73,5118
19151,1716,1086
33969,42,4361
35448,110,5453
1263,216,5337
2143,304,3863
1524,207,3587
1818,10230,119
5998,367,4187
3225,2796,1402
34391,268,3681
10604,1848,1801
5538,918,3435
30745,437,2571
10396,5139,388
7591,247,5847
19581,225,4331
23969,2,12255
32338,55,8021
30464,310,2827
31485,52,6548
29755,252,2482
11697,1085,1608
33253,2495,626
31405,2244,603
4896,4524,548
8245,92,6354
16353,2502,781
11497,2,12266
37664,2,13040
30795,871,1747
9782,454,4127
27783,198,2604
3783,6086,620
31566,61,6925
31035,42,6822
30512,4,9188
32553,836,1957
33724,39,6316
2077,55,6787
20083,1,12093
31630,905,1080
304,1829,2007
27601,1439,1531
6981,2,10689
36729,71,4755
24699,365,2681
3037,70,7339
33102,60,5469
24781,621,2478
32595,845,1241
260,951,2694
7654,195,4746
6098,1341,1996
6709,404,4041
1146,617,3617
34019,974,1308
25183,5174,227
525,252,3382
403,1020,2515
8745,10,10001
30749,2306,509
2553,80,5707
11737,3943,570
12679,1330,1224
326,1733,1804
30826,48,5534
31540,912,1962
24231,3145,692
590,909,2704
2901,48,8230
36688,252,2457
21751,143,4763
587,3489,1100
28929,320,3362
33033,103,4995
15911,1453,1235
32872,171,4438
28371,5,10223
2298,736,3552
1762,317,3194
31539,1,8294
310,67,7653
4786,556,3761
490,1207,1666
4910,554,4210
1045,678,2951
14199,3794,510
31071,2,10404
1225,580,3650
8248,91,6881
13409,745,2757
135,2363,1001
132,2496,985
35120,2963,424
1080,375,3400
34445,341,2674
14515,1447,1261
32108,1394,1581
9324,32,8607
1664,62,6936
3036,30,7961
26,1864,661
20673,330,3498
4811,803,3140
35602,338,4002
1316,130,5289
1732,929,3167
23133,719,1645
20541,4232,403
10079,3265,783
407,625,2639
2098,251,4816
28423,1049,1336
32606,425,2705
489,1118,1774
33218,17,3094
5967,137,5593
10098,255,4270
4640,4,9300
366,924,2606
161,1512,1756
7596,958,2550
1288,395,3236
9789,26,9225
2839,29,8501
669,564,3814
6927,725,2422
9379,5148,406
2605,6396,351
9002,331,4576
6747,4773,540
1184,435,3539
9471,3646,999
21561,3283,606
36466,253,3199
1312,169,4598
30415,647,1825
95,517,2334
26165,1244,1283
4026,2059,1717
32948,1042,1434
1172,1847,1836
31233,41,5663
14765,1517,1186
22763,760,2572
8972,25,8782
2346,397,4316
35625,7,10951
36261,1,13467
2606,417,3786
6904,810,2321
9331,3531,838
1897,18,8612
31231,233,3975
328,224,4375
22689,1003,2290
8815,41,8283
1695,168,3275
33085,2,12251
4975,7492,344
34467,425,3472
1064,190,4551
14741,11955,63
36616,341,2350
16169,788,2547
335,1106,2173
3486,25,7502
19111,3256,599
3069,42,7203
14575,800,2805
28367,4,10269
2542,202,4717
33429,4,12655
5926,28,8711
37185,3,11084
6069,45,6887
113,628,2836
14991,366,3536
972,1100,2853
20329,216,4785
4654,9765,115
514,2065,1568
10232,766,2086
34538,73,6840
37678,2,13725
34252,41,8393
472,897,2748
20835,4,9042
820,1221,671
136,4964,310
36204,1,8054
36585,2,13747
30376,72,5152
10804,456,4334
818,412,3841
30242,63,5308
35418,20,6765
36480,233,1752
469,4846,674
20847,3198,610
2055,37,8032
858,73,5767
5395,11,9260
14073,522,2720
20547,21,8247
578,8014,284
2182,318,3714
10590,193,4573
23971,1,12518
12189,9363,73
1328,121,6601
556,219,5207
1257,1285,2075
1982,223,6533
17074,5825,207
1196,201,4372
33762,2,10520
15045,407,3914
10924,418,3555
10419,258,4261
2765,58,8131
14075,6250,157
31750,35,8095
102,2886,1121
273,540,2810
33933,1,9535
143,2036,1534
33501,2,13324
34751,155,3610
17269,1218,1921
3467,4149,907
29589,1439,933
35198,80,2817
2418,5399,463
593,639,2185
36500,74,6888
32491,1671,1339
8038,1448,2167
1793,435,3635
2006,1548,1984
6875,849,2684
5220,1172,1657
11761,3743,563
7816,29,8875
1701,96,6090
3024,56,6579
3076,783,3133
1943,6782,308
36125,258,4565
263,4507,313
899,3612,1164
1248,326,4409
32993,123,6252
882,962,2912
1567,325,3534
20757,132,4865
17351,316,4968
34782,6,10398
32947,718,1879
32564,16,10361
355,10778,144
229,1125,2301
1647,223,4734
34589,11,6696
36172,4,13648
32906,169,4676
736,740,3543
10520,54,7512
8194,7,9537
1514,301,4738
16273,1510,1926
21821,474,2730
9943,17,6573
6629,8,10080
323,4358,419
31678,18,6374
23579,145,4033
9347,1113,2587
8317,225,4095
32620,131,5071
2775,395,2870
1733,175,6177
21407,143,4464
27899,10668,41
11887,8265,123
3002,3238,555
2058,42,8711
4565,3120,759
396,810,2537
17749,4,10860
35798,6,5189
2589,993,2881
2931,180,3652
1086,509,3020
24135,809,1964
1696,2140,1660
1362,1172,2796
28223,10399,47
5933,10,10016
4533,40,8502
28511,67,7435
31883,177,4436
1238,1135,2728
4334,788,2234
7549,282,5246
2356,434,3451
28025,3991,443
8247,4234,738
532,3520,1034
7540,231,5268
31670,58,6232
174,4864,678
16199,699,3239
4810,81,5512
9893,228,3856
21353,2573,729
12221,163,5821
190,4223,1204
13217,81,6355
31953,3284,382
36196,81,6193
36629,12,6707
1833,37,8571
2561,77,6442
28063,463,2081
13375,290,6118
11043,18,9433
96,1438,1695
1556,571,3167
3121,1596,2446
34447,160,3424
33797,177,3451
31894,56,7880
3684,118,6732
10849,261,5161
5365,2798,1366
35006,208,5058
1126,200,3926
246,1691,1203
35427,700,1721
1589,1191,1448
3034,126,6481
3007,204,5622
563,1211,2216
2308,48,6218
9862,2,10449
460,2905,1597
10257,186,3425
3805,223,5138
1570,1074,2217
13767,611,2089
5256,441,4056
2142,714,2109
35413,1685,745
1221,393,2874
28285,1684,1286
1363,1383,1993
13145,402,3184
618,1090,2263
16468,653,2957
32863,134,2597
5530,6370,233
30544,4564,250
7897,954,3313
889,10998,98
26351,1534,1029
2986,2535,1185
1628,172,4809
11433,5607,335
4246,1730,1867
10794,3116,1151
2890,6259,378
35999,16,4784
32673,1217,1300
20509,2215,1012
27363,100,5505
2335,321,4521
47,9203,198
1835,232,3969
12995,180,4876
2961,3830,1123
23901,9,9679
33339,1,8103
34465,319,1966
15689,6946,271
3072,49,6649
1195,13177,94
2170,373,3919
35654,58,8245
36063,9,13592
1076,66,7618
6670,25,8331
18755,81,6033
1470,645,2204
24919,436,2896
8215,6,9115
3771,336,4043
1596,148,5278
4756,53,7254
36137,30,6999
15359,832,2661
10511,19,8892
4903,1016,2278
977,368,4753
14175,1439,1557
33129,247,3538
6165,993,2090
23309,2393,778
1351,242,4139
15335,2958,826
30250,352,3391
28149,463,2463
11577,6527,232
2035,622,3070
1734,508,3630
30617,16,6104
320,1709,1946
32311,187,6101
351,468,3606
1178,177,5615
30709,917,1305
5258,3450,663
33204,253,2651
3080,567,4227
17831,2417,980
31562,2,11296
10110,7096,260
34549,487,2408
30127,1510,1449
408,3568,1476
14349,5156,412
1109,388,4226
2230,98,6248
6046,1580,1897
1893,58,7197
32852,5,12588
10671,818,2869
33709,42,6992
776,269,4380
5042,2692,471
25979,3,12712
7396,585,3334
32190,141,5414
336,338,3631
31500,1124,1355
33573,398,2586
32483,633,1805
9911,928,3083
29937,1,10739
34534,432,2960
2411,427,4027
30056,639,2589
2056,62,7737
35484,1148,1275
7724,7601,176
31610,454,2504
33811,330,3987
1728,377,3384
6704,590,3551
2560,241,4515
12651,61,6108
2584,111,6765
693,226,4330
31711,1147,1735
3842,34,8057
1067,1052,2155
5116,1285,2726
33508,12,8090
30705,717,2380
1954,623,3547
2167,17339,31
8457,854,2252
6211,4455,493
11005,1076,2264
30485,977,1077
7720,948,2242
406,395,3677
850,1683,1743
4856,16,8922
36173,24,9887
496,110,5541
32202,39,6011
23153,249,4026
6280,1349,2526
846,4870,797
3381,99,6405
11837,2390,1000
25781,3365,504
30711,986,1770
4715,1014,3287
5723,63,7066
15489,280,2929
1629,246,3423
1536,3978,666
35338,1398,1724
1025,478,2695
2450,167,5492
37249,5,10969
2495,111,5564
8162,20,9176
33036,650,1884
12883,2502,788
7762,587,2485
18119,3170,760
33372,660,2215
87,1039,2406
1946,454,2851
3366,1389,1397
5734,2057,1523
9941,3158,605
907,1911,1633
19163,5506,252
3778,10,9603
6324,4663,525
21867,210,4580
1471,370,3527
2013,250,4936
34658,688,1924
12857,229,3818
37019,1,13159
5082,28,7130
12551,4,10117
1887,10408,135
5278,8,9988
35624,5,9984
32817,27,7716
2942,595,2660
10119,1994,1042
1138,1675,1877
21273,2214,693
35219,5,8836
7559,1259,2213
32582,4,8843
856,3199,770
2369,1500,1620
35110,49,3595
10893,1511,1932
7083,230,4500
10408,7489,196
18753,3928,766
2548,205,5130
2728,204,6922
34591,1278,1227
2576,35,7788
34901,12,6607
528,7323,661
19755,18,9423
610,666,2839
704,614,3580
2818,26,8114
10897,4131,1003
3515,1004,2402
4039,330,2401
21843,4374,306
122,1993,1158
1972,142,4737
15325,632,3019
18497,1484,1060
14751,1352,1006
2727,109,6933
7252,7,10526
9936,3496,580
10958,356,4688
23551,396,3879
1110,778,2417
9491,42,8743
19221,5559,289
34328,3,12964
23067,18,7073
33290,2,11055
30205,2509,619
31490,1213,1409
6163,949,2326
37184,3,9881
36979,1,9948
32707,7,9785
57,5470,414
4684,2,11081
5830,22,9284
9781,2,10828
2324,344,4256
842,205,4059
1804,170,4833
2012,263,3529
10012,2742,878
29803,7776,90
10643,765,2698
4997,230,4998
34550,193,3440
3020,8,9990
31598,363,2862
10859,96,7625
3768,8,9380
6547,20447,7
1932,212,3980
1411,79,7299
31300,79,7648
11111,15603,26
6130,32,6100
434,238,5194
34077,66,5326
4800,52,8597
31636,3647,333
6291,1364,2142
420,864,3002
6984,633,3387
1548,54,6310
34961,9,7465
10967,2,10708
34614,23,7930
13681,32,8084
32481,88,6166
19855,1317,1517
34187,1,14113
5274,5,9248
1425,335,3077
2034,8765,209
34427,298,2610
10460,2547,798
910,615,2817
1048,547,2785
596,2806,1822
901,4243,979
2565,54,7712
33674,2164,320
2159,1639,1340
1212,1253,2070
890,250,3368
30386,4,9052
21415,655,2503
35740,6,9474
32603,1643,1090
624,603,3277
12065,275,4315
4898,11143,60
18523,1435,1774
1039,157,6189
13655,3597,457
3113,35,8890
19351,80,6898
19857,104,5897
30383,1333,1144
19063,1,12296
1575,21619,9
33569,607,2385
14807,1547,1408
3420,2097,1271
19291,807,1564
32924,909,1163
23433,459,3563
33834,644,1175
23441,965,1980
24527,22,9606
1445,375,4069
9875,146,3598
1140,2403,1473
6956,7121,275
7367,1369,2220
5505,295,4010
32485,1742,1363
2144,5760,778
17651,1052,1798
3050,365,4553
27907,90,6342
6682,5057,487
6973,758,2011
5594,2,11868
2514,618,3535
1623,122,5936
17855,380,4314
14669,935,2048
34522,149,4088
24415,5168,226
478,1596,1440
10917,257,4726
22785,63,5524
31918,339,2635
4948,35,8659
13595,271,4319
32153,411,3397
21653,1163,1762
36580,1,13465
36579,3,13979
32218,2,11965
35141,2,13304
33957,4,10474
36578,5,11954
37814,18,14429
35817,1,13753
36582,1,13861
37860,4,14427
37859,2,14426
37858,2,14425
37090,2,8378
36913,3,9441
